participant_id	stc_ref_time	fmriprep_start	fmriprep_stop
sub-v2s4x29580	n/a	2026-03-13T03:27:35	2026-03-13T07:57:42
sub-v2s4x29581	n/a	2026-03-13T03:29:47	2026-03-13T07:35:01
sub-v2s4x29582	n/a	2026-03-13T03:33:53	2026-03-13T07:42:50
sub-v2s4x29583	n/a	2026-03-13T03:35:49	2026-03-13T08:16:38
sub-v2s4x29584	n/a	2026-03-13T03:36:44	2026-03-13T07:12:09
sub-v2s4x29585	n/a	2026-03-13T03:37:20	2026-03-13T07:51:14
sub-v2s4x29586	n/a	2026-03-13T03:42:18	2026-03-13T07:47:32
sub-v2s4x29587	n/a	2026-03-13T03:42:18	2026-03-13T07:52:53
sub-v2s4x29588	n/a	2026-03-13T03:43:05	2026-03-13T07:38:27
sub-v2s4x29589	n/a	2026-03-13T03:44:24	2026-03-13T07:12:46
sub-v2s4x29590	n/a	2026-03-13T03:44:40	2026-03-13T07:41:27
sub-v2s4x29591	n/a	2026-03-13T03:45:41	2026-03-13T07:35:03
sub-v2s4x29592	n/a	2026-03-13T03:51:35	2026-03-13T08:32:19
sub-v2s4x29593	n/a	2026-03-13T03:54:29	2026-03-13T07:57:56
sub-v2s4x29594	n/a	2026-03-13T03:55:00	2026-03-13T07:10:47
sub-v2s4x29595	n/a	2026-03-13T03:59:55	2026-03-13T08:19:08
sub-v2s4x29596	n/a	2026-03-13T04:06:06	2026-03-13T08:14:35
sub-v2s4x29597	n/a	2026-03-13T04:12:28	2026-03-13T08:37:01
sub-v2s4x29598	n/a	2026-03-13T04:13:19	2026-03-13T07:48:02
sub-v2s4x29599	n/a	2026-03-13T04:19:30	2026-03-13T09:29:51
sub-v2s4x29600	n/a	2026-03-13T04:24:18	2026-03-13T09:03:53
sub-v2s4x29601	n/a	2026-03-13T04:25:02	2026-03-13T08:46:00
sub-v2s4x29602	n/a	2026-03-13T04:25:20	2026-03-13T08:38:10
sub-v2s4x29603	n/a	2026-03-13T04:25:53	2026-03-13T08:29:08
sub-v2s4x29604	n/a	2026-03-13T04:29:04	2026-03-13T07:25:13
sub-v2s4x29605	n/a	2026-03-13T04:31:40	2026-03-13T09:02:09
sub-v2s4x29606	n/a	2026-03-13T04:32:19	2026-03-13T08:39:11
sub-v2s4x29607	n/a	2026-03-13T04:33:55	2026-03-13T09:09:45
sub-v2s4x29608	n/a	2026-03-13T04:43:10	2026-03-13T08:55:13
sub-v2s4x29609	n/a	2026-03-13T04:49:07	2026-03-13T08:26:20
sub-v2s4x29610	n/a	2026-03-13T05:02:01	2026-03-13T09:36:19
sub-v2s4x29611	n/a	2026-03-13T05:07:25	2026-03-13T09:36:50
sub-v2s4x29612	n/a	2026-03-13T05:08:10	2026-03-13T08:16:47
sub-v2s4x29613	n/a	2026-03-13T05:09:37	2026-03-13T09:23:15
sub-v2s4x29614	n/a	2026-03-13T05:18:15	2026-03-13T09:53:31
sub-v2s4x29615	n/a	2026-03-13T05:21:44	2026-03-13T08:47:30
sub-v2s4x29616	n/a	2026-03-13T05:24:14	2026-03-13T09:16:24
sub-v2s4x29617	n/a	2026-03-13T05:27:20	2026-03-13T10:43:17
sub-v2s4x29618	n/a	2026-03-13T05:29:26	2026-03-13T08:38:22
sub-v2s4x29619	n/a	2026-03-13T05:29:56	2026-03-13T09:57:56
sub-v2s4x29620	n/a	2026-03-13T05:30:43	2026-03-13T10:13:54
sub-v2s4x29621	n/a	2026-03-13T05:32:05	2026-03-13T08:44:38
sub-v2s4x29623	n/a	2026-03-13T05:36:46	2026-03-13T08:45:10
sub-v2s4x29624	n/a	2026-03-13T05:37:52	2026-03-13T10:08:54
sub-v2s4x29625	n/a	2026-03-13T05:41:38	2026-03-13T09:56:09
sub-v2s4x29626	n/a	2026-03-13T05:42:29	2026-03-13T10:39:43
sub-v2s4x29627	n/a	2026-03-13T05:43:32	2026-03-13T09:10:02
sub-v2s4x29628	n/a	2026-03-13T05:48:00	2026-03-13T10:22:59
sub-v2s4x29629	n/a	2026-03-13T05:50:10	2026-03-13T10:01:04
sub-v2s4x29630	n/a	2026-03-13T05:52:17	2026-03-13T09:27:03
sub-v2s4x29631	n/a	2026-03-13T05:57:08	2026-03-13T09:14:20
sub-v2s4x29632	n/a	2026-03-13T06:03:11	2026-03-13T09:50:17
sub-v2s4x29633	n/a	2026-03-13T06:14:57	2026-03-13T09:48:05
sub-v2s4x29634	n/a	2026-03-13T06:17:54	2026-03-13T10:45:42
sub-v2s4x29635	n/a	2026-03-13T06:19:33	2026-03-13T09:49:27
