global_signal	global_signal_derivative1	global_signal_power2	global_signal_derivative1_power2	csf	csf_derivative1	csf_power2	csf_derivative1_power2	white_matter	white_matter_derivative1	white_matter_power2	white_matter_derivative1_power2	csf_wm	tcompcor	std_dvars	dvars	framewise_displacement	rmsd	t_comp_cor_00	t_comp_cor_01	t_comp_cor_02	t_comp_cor_03	t_comp_cor_04	c_comp_cor_00	c_comp_cor_01	c_comp_cor_02	c_comp_cor_03	c_comp_cor_04	c_comp_cor_05	c_comp_cor_06	w_comp_cor_00	w_comp_cor_01	w_comp_cor_02	w_comp_cor_03	w_comp_cor_04	w_comp_cor_05	w_comp_cor_06	w_comp_cor_07	w_comp_cor_08	w_comp_cor_09	w_comp_cor_10	w_comp_cor_11	a_comp_cor_00	a_comp_cor_01	a_comp_cor_02	a_comp_cor_03	a_comp_cor_04	a_comp_cor_05	a_comp_cor_06	a_comp_cor_07	a_comp_cor_08	a_comp_cor_09	edge_comp_00	edge_comp_01	edge_comp_02	edge_comp_03	edge_comp_04	edge_comp_05	edge_comp_06	edge_comp_07	edge_comp_08	edge_comp_09	edge_comp_10	edge_comp_11	edge_comp_12	edge_comp_13	edge_comp_14	edge_comp_15	edge_comp_16	edge_comp_17	edge_comp_18	edge_comp_19	edge_comp_20	edge_comp_21	edge_comp_22	edge_comp_23	cosine00	trans_x	trans_x_derivative1	trans_x_power2	trans_x_derivative1_power2	trans_y	trans_y_derivative1	trans_y_power2	trans_y_derivative1_power2	trans_z	trans_z_derivative1	trans_z_derivative1_power2	trans_z_power2	rot_x	rot_x_derivative1	rot_x_power2	rot_x_derivative1_power2	rot_y	rot_y_derivative1	rot_y_derivative1_power2	rot_y_power2	rot_z	rot_z_derivative1	rot_z_power2	rot_z_derivative1_power2	motion_outlier00	motion_outlier01	motion_outlier02	motion_outlier03	motion_outlier04	motion_outlier05	motion_outlier06
1937.9489449898729	n/a	3755646.113387361	n/a	2853.098345035881	n/a	8140170.166446482	n/a	1852.107536878084	n/a	3430302.328160603	n/a	2252.829856926668	1615.293016795389	n/a	n/a	n/a	n/a	-0.1772062729	0.0689510126	0.1618438372	0.0909052594	-0.1546572269	-0.1001875017	0.1305268962	-0.1597561529	0.0128552682	-0.3861661819	0.2085099643	-0.0419557997	-0.0562596027	0.1940035181	0.1414516571	-0.4856861932	0.0285193332	-0.0901142687	0.2105541827	-0.2597845274	0.0233193668	-0.0898457352	0.0156343137	0.0274012513	-0.1692060391	0.0810824932	-0.0880296277	0.085852773	-0.1834274011	0.0767724461	-0.2670885321	0.0012404227	-0.2774000582	0.4181163856	-0.1691366388	0.0190322494	0.398138763	-0.0648634372	0.1691798718	-0.0835507282	0.0457993295	-0.0634928802	0.0636318289	-0.1607885876	0.0402558969	-0.1144323316	0.0331815743	0.1647239259	-0.0926690926	-0.2373702343	0.2180525005	0.3011229064	-0.0562923662	-0.4215387405	0.3081479209	0.0450300817	0.1365376245	-0.0787150837	0.2019267089	-0.069277139318217	n/a	0.0047993220321156	n/a	0.0883563354509817	n/a	0.0078068420143264	n/a	-0.1600352600557784	n/a	n/a	0.0256112844611206	-0.0002499562982035	n/a	6.247815101159701e-08	n/a	0.0001110977130536	n/a	n/a	1.2342701845740045e-08	-0.0007819860987184	n/a	6.115022585888232e-07	n/a	0.0	0.0	0.0	0.0	0.0	0.0	0.0
1937.0297924854715	-0.9191525044013816	3752084.416976309	0.8448413263473317	2847.058005492612	-6.040339543268601	8105739.286639571	36.485701797974336	1856.636398797286	4.528861919201972	3447098.7173389546	20.51059028319777	2264.3192547737285	1653.5574005416292	1.275318	29.18869	0.048924226837754	0.0252047037896172	-0.1587768794	-0.112581676	0.213663924	0.0761556101	-0.2526152017	-0.1628947131	0.0372772528	-0.0158186755	0.236589135	-0.1358450382	-0.0679169211	-0.2124860092	-0.1691421814	-0.0007711789	-0.0654776098	-0.0623170281	0.1716381509	-0.1155928457	-0.0153288972	-0.0966869607	-0.0188477638	0.0233284751	-0.2227071361	-0.0201430923	-0.1893609189	0.1246214662	0.0219804805	-0.0465082362	-0.0586118169	-0.1542349928	-0.0586564616	-0.1618669556	0.0564781248	0.1978438146	-0.1564016693	0.081817266	0.2910138216	-0.0740749867	0.2188115482	-0.3432718808	0.0373285198	-0.0537246638	0.0381097397	0.0093335067	0.0432492116	0.1277742716	-0.284957852	0.2331587821	-0.006578914	-0.2078066873	-0.0052271243	-0.0621191309	-0.0848632977	0.3831074083	-0.1057866548	0.0558212304	-0.0599131093	-0.0898427436	0.2010969487	-0.0613582123209255	0.0079189269972914	0.0037648302192197	6.270940478843216e-05	0.0765572486110386	-0.0117990868399431	0.0058610123148923	0.0001392184502565	-0.1664954059124568	-0.0064601458566783	4.173348448955904e-05	0.0277207201899537	7.907482454602206e-05	0.0003290311227495	6.252827876984173e-09	1.0826147973781105e-07	0.000178966925733	6.78692126794e-05	4.606230029721629e-09	3.202916050632113e-08	-0.0008400071061663	-5.802100744789994e-05	7.056119384098815e-07	3.3664373052692606e-09	0.0	0.0	0.0	0.0	0.0	0.0	0.0
1930.880453305765	-6.149339179706431	3728299.324958277	37.81437234707256	2858.657147575828	11.599142083215613	8171920.687386368	134.5400970666234	1857.6913824784128	1.0549836811269415	3451017.2725345567	1.1129905674441525	2271.465276190575	1640.024175818095	1.462378	33.470001	0.0779887374196868	0.0468799020081505	-0.1550974003	0.1853049955	-0.1370947912	0.1604156656	-0.1823285939	-0.2594774704	0.1018941499	-0.210179104	0.0536186974	0.3459713067	-0.2558238872	-0.1800999153	-0.1547248747	0.2402647179	0.1322412919	-0.098678516	-0.1890020338	-0.0453824359	-0.2521779966	-0.0471804406	0.043356295	-0.0475074439	-0.2225005998	0.3889022016	-0.1992253312	0.0246867574	-0.133518839	-0.3633281495	-0.2335338226	0.0924682247	0.0184989285	0.0464691879	-0.3124486422	-0.2348647806	-0.1741573754	0.0716917024	0.3361902186	0.0126333819	0.0182153785	0.0245219522	0.012527306	0.097927171	-0.3501328128	-0.2609340939	-0.1927054135	-0.0109440745	-0.2563018064	-0.3781707437	0.0932506725	0.2118589135	-0.2536188287	-0.1105827949	-0.0896431759	-0.1660472613	-0.2668054756	0.0267607858	-0.0842454233	0.0934658186	0.1994408381	-0.0871895137608333	-0.0258313014399078	0.0076020113098505	0.0006672561340793	0.0765781230635838	2.0874452545199818e-05	0.0058642089319413	4.3574276906179916e-10	-0.1954732347611667	-0.0289778288487099	0.0008397145647851	0.0382097855079941	0.0004900529860726	0.0004109781615265	2.40151929158672e-07	1.6890304925176604e-07	0.0001267941452012	-5.217278053179999e-05	2.7219990284193678e-09	1.607675525730299e-08	-0.0008400308176784	-2.3711512100034297e-08	7.056517746494413e-07	5.62235806070073e-16	0.0	0.0	0.0	0.0	0.0	0.0	0.0
1933.157207286168	2.276753980402873	3737096.788082456	5.1836086872803255	2872.2356437579538	13.578496182125946	8249737.593273667	184.3755585680089	1863.7520713404608	6.060688862047982	3473571.7834258582	36.73194948255247	2262.357795444786	1626.5283327140733	1.710768	39.154991	0.6452716778619005	0.4995074465355926	0.1366910933	0.0313016995	-0.1078401025	0.3298158657	0.1508361709	-0.1485339721	0.2852331799	0.2253803199	-0.013657384	0.0412936621	0.4039611692	0.0490997875	0.1134797071	-0.3372661485	0.1669011823	-0.2569018967	-0.0694793478	0.0972089217	0.0472593819	0.0771098022	0.3178849685	0.1063639174	-0.28641793	-0.0908138985	0.0682462662	-0.1005236226	0.4250488863	-0.0162250005	-0.2011808884	0.212317796	-0.1617164831	0.2919536829	0.1818062183	-0.0281480642	0.071514402	-0.3966317465	-0.0035991623	-0.0679506514	0.0866199626	-0.1284823464	-0.1253643442	0.0607522827	-0.0242975214	-0.0285997821	0.0255566632	0.0049827927	0.079491501	-0.1183209325	-0.0019154478	-0.1085254532	-0.052045465	-0.0537672947	0.1026271783	-0.067231586	0.1922837388	-0.320027602	-0.1160294114	0.3362925558	0.1969651822	-0.0785355814293211	0.0086539323315121	0.0061678375504415	7.48905447983921e-05	0.047206577128648	-0.0293715459349358	0.0022284609242029	0.000862687710608	0.2787942084729309	0.4742674432340976	0.224929607711808	0.077726210678048	-0.0012519789191617	-0.0017420319052343	1.5674512140252986e-06	3.034675158854245e-06	0.0003470892525432	0.000220295107342	4.852993431882331e-08	1.204709492309973e-07	-0.0001427827030276	0.0006972481146508	2.0386900283867813e-08	4.861549333840952e-07	1.0	0.0	0.0	0.0	0.0	0.0	0.0
1923.2784491315224	-9.87875815464554	3698999.992893754	97.58986267797572	2866.167451193969	-6.068192563984667	8214915.858283733	36.822960993598805	1858.408734452097	-5.343336888363865	3453683.0242878445	28.55124910255003	2260.948386767232	1608.296235585165	1.346975	30.828722	0.3772170416098698	0.2939064862869036	0.3060899917	0.1830797027	0.1041731159	0.2412141499	-0.0180170375	0.1225184892	0.0250237157	0.3976100993	0.1914262525	0.1557741131	-0.1048687067	0.1334531091	0.3401570113	-0.1924017548	0.1159984961	0.0081527666	0.0550608222	0.1429544405	-0.1351674063	-0.016912345	0.1178969302	-0.1428455221	0.1846362673	0.1869314178	0.28897527	-0.1484209708	0.3218632693	-0.1241359569	-0.070130474	0.0972084378	0.0662298937	-0.2304618821	-0.0485748894	0.0398184421	0.2502824083	-0.3569453247	0.0340622368	-0.0284918819	-0.0889596112	-0.2393634501	-0.0288607188	-0.0425957904	-0.0991737495	-0.0906520451	0.0536903627	0.0176288822	0.0888932626	-6.19221e-05	-0.0486028101	0.1928449078	0.0586586243	0.0155833081	0.0371080819	0.1407298117	0.0372101	0.0462823147	0.0209503399	0.0100499802	0.1936801542	-0.0870751409022148	-0.0085395594728936	0.0075820801631405	7.29240759910885e-05	0.0144299065817108	-0.0327766705469372	0.0002082222039569	0.0010743101321424	0.5630728805527099	0.2842786720797789	0.0808143633994425	0.3170510688139263	-0.0019184138462349	-0.0006664349270731	3.6803116854257824e-06	4.441355120230613e-07	0.0004908502740614	0.0001437610215182	2.066723130795636e-08	2.409339915461515e-07	-0.0003650295446414	-0.0002222468416138	1.3324656846110785e-07	4.939365860730952e-08	0.0	0.0	0.0	0.0	0.0	0.0	0.0
1925.21744057134	1.938991439817528	3706462.193480061	3.7596878036856496	2848.832706227022	-17.334744966947255	8115847.788068777	300.4933830691032	1860.8040668688325	2.395332416735528	3462591.775275586	5.737617386664064	2263.535751450992	1613.466385923222	1.041073	23.827421	0.0507224696959441	0.0263820698797378	0.3411276845	0.0700962359	0.1430696814	0.2023252037	-0.1109879484	0.2171624381	0.0552028088	0.3091267728	0.1158843152	-0.022186163	-0.2667155328	0.0907838593	0.3515376554	-0.1371515827	0.1477053243	0.0328990825	-0.0876623867	0.0545528643	-0.1994661592	-0.1584875595	-0.2670007113	0.0380447525	-0.0047987453	-0.1260325193	0.2423524951	0.0455834584	0.2290456352	-0.0528266265	0.0644188265	0.0410043252	0.0156260158	-0.2807812487	-0.1403636537	0.1917756202	0.2542171558	-0.2969325918	-0.052365404	-0.0503962924	0.0757748621	-0.1999263221	-0.0521317691	-0.0816861741	-0.0920558955	-0.0087008523	0.061789731	0.0038801034	0.1035364079	0.0482201343	0.07989393	0.2705274176	0.0547840298	0.0067605142	0.087129659	0.1157054552	-0.0818505354	0.1956365511	0.093143189	-0.2637855747	0.1895992529	-0.087079588650667	-4.447748452207634e-06	0.0075828547595693	1.97824662941154e-11	-0.0025954976808009	-0.0170254042625117	6.736608211042851e-06	0.0002898643903019	0.5507818034471796	-0.0122910771055302	0.000151070576414	0.3033605950085276	-0.001830974106458	8.743973977690003e-05	3.3524661785196712e-06	7.645708092251993e-09	0.0003731301492568	-0.0001177201248046	1.3858027784010602e-08	1.3922610828440185e-07	-0.0001421585976339	0.0002228709470075	2.020906688123708e-08	4.967145902001988e-08	0.0	0.0	0.0	0.0	0.0	0.0	0.0
1927.7372996384345	2.5198590670945578	3716171.096417283	6.349689718018655	2870.410097148084	21.577390921062037	8239254.125809672	465.5837989603302	1854.3824848375823	-6.421582031250182	3438734.400072406	41.236715784075216	2254.687360831186	1565.916262468654	1.543011	35.315468	0.5758856368301648	0.4217138912003765	0.422409126	-0.1257604812	-0.1819271477	-0.0285263044	-0.0679967009	0.3417682141	-0.1359466635	0.1966270581	0.0755919465	0.1108437306	0.2033046646	-0.1738398758	0.3569887141	0.227214856	-0.1895569714	0.0886760767	0.1797538013	0.2736502508	0.0284983058	-0.0800596355	0.2168183964	0.0556918547	-0.2280688335	-0.1961420089	0.4284982403	-0.1066843527	-0.1219339391	-0.1097026761	-0.0921753799	-0.3091449208	0.0268768731	0.026802188	0.1534019749	0.1495723223	0.4211696253	0.1040611191	0.0816052765	0.138951719	-0.2539023899	-0.074245581	0.1730203165	0.1813467267	0.1052403381	-0.0492577623	0.0073254343	0.125544166	0.0880461691	0.0092471562	0.0248660187	0.0151317071	-0.0061834369	0.0027912524	-0.1189371274	-0.077881532	0.0291343927	-0.0346250409	-0.0177471284	0.0027327777	0.1847392476	-0.0872399338405074	-0.0001603451898403	0.0076108060564961	2.571057990495378e-08	-0.0603263623520575	-0.0577308646712566	0.0036392699946317	0.0033328527356909	0.9298169401522074	0.3790351367050277	0.143667634856999	0.8645595421940137	-0.004315971876154	-0.002484997769696	1.862761323575228e-05	6.175213915394095e-06	0.0006467651332595	0.0002736349840027	7.487610447015787e-08	4.183051376001788e-07	-0.0001216055460518	2.0553051582100005e-05	1.4787908830556451e-08	4.2242792933646346e-10	0.0	1.0	0.0	0.0	0.0	0.0	0.0
1932.186013444124	4.448713805689522	3733342.7905490967	19.791054524932548	2864.500910832332	-5.909186315751867	8205365.468159259	34.91848291426913	1852.207583778783	-2.174901058799378	3430672.9334076373	4.730194615566655	2246.825587712281	1568.8960398447489	1.303796	29.840464	0.2574645222764026	0.1917475362553374	0.3850115353	0.0966360141	0.0154951748	-0.3928361193	-0.1529172523	0.4732382086	-0.0540728413	-0.2111119037	0.0247986922	0.2994446644	0.3036252288	-0.2830861393	0.2263124836	0.4516473741	-0.120661097	0.1519026698	-0.0044150115	0.2540825256	0.0435876579	-0.072830198	-0.0847509499	-0.0321735191	0.1726574983	-0.0253751336	0.4348287199	0.0312638642	-0.4389005767	-0.1186902287	-0.1661494045	-0.2493901174	0.1006613521	0.1723069797	0.0548925454	-0.0469760228	0.4648821103	0.3326329567	0.134115343	0.2744564028	-0.2883184338	0.0891820772	0.1544400301	-0.1119643678	0.0563739323	0.0116750255	-0.0980217738	-0.0242122202	-0.0610729567	0.0698800403	-0.0188446196	-0.2168417439	-0.0597132855	-0.0151069544	0.0560207771	-0.0178600483	-0.0672717746	-0.0564557883	0.0041091534	0.0424819255	0.1791201091	-0.1079865753180939	-0.0207466414775864	0.0116611004489303	0.0004304231325995	-0.0778878693539724	-0.0175615070019149	0.0060665201925014	0.0003084065281783	1.110307808455261	0.1804908683030535	0.0325769535407902	1.2327834295167244	-0.0050529990223308	-0.0007370271461768	2.5532799119676023e-05	5.432090142015184e-07	0.0006467209076361	-4.422562339999672e-08	1.9559057651183377e-15	4.18247932373661e-07	-8.536680797504486e-05	3.623873807675514e-05	7.287491903848182e-09	1.3132461373956623e-09	0.0	0.0	0.0	0.0	0.0	0.0	0.0
1939.782849601832	7.596836157707912	3762757.503609403	57.71191960705831	2838.398456832402	-26.10245399992982	8056505.799748562	681.3381048184523	1867.9931846217105	15.78560084292758	3489398.53779316	249.18519397223588	2269.141848949676	1616.014121316388	1.957253	44.796398	0.6677705503838582	0.4707208212330026	0.2261438007	-0.3019988845	-0.0653148419	-0.4179656007	0.0477282482	0.4697508612	0.1766179728	-0.3419325334	0.0171633175	-0.0234513385	-0.2696418289	0.1556496521	0.1698511468	0.0525688749	-0.3954650567	0.0598102194	-0.3478290092	-0.1681167174	0.046659601	0.1497090956	0.0152661434	0.1796579827	0.1179284891	0.210560011	0.2233527775	0.5480697844	-0.1713709899	-0.030559611	0.3708032976	0.2542387803	-0.0944198794	0.0977038304	-0.1031726714	-0.1622747639	0.3442549337	0.3730828173	-0.1488681608	-0.068275772	0.6138613889	0.1907863379	-0.2582269437	-0.052684065	-0.0514895051	0.1374703634	0.1222320457	-0.1487975775	-0.1083269492	-0.2018527192	-0.0303647923	0.0919837924	0.0076205121	0.0365438822	0.0537794123	0.0286752911	0.1409050553	0.0434594592	-0.0326760682	0.0135644179	0.1727649276	-0.0873163046199465	0.0206702706981474	0.0076241370524832	0.0004272600907346	-0.0427091383511282	0.0351787310028442	0.0018240704986958	0.0012375431149704	0.684841661936602	-0.4254661465186589	0.1810214418334369	0.4690081019240871	-0.002280183544387	0.0027728154779438	5.199236996093263e-06	7.688505674724704e-06	0.001116151717728	0.0004694308100919	2.2036528546353746e-07	1.245794656987165e-06	-0.0005722285632235	-0.0004868617552484	3.274455285688312e-07	2.3703436872360666e-07	0.0	0.0	1.0	0.0	0.0	0.0	0.0
1938.1677982321053	-1.615051369726643	3756494.414103887	2.6083909268559067	2870.3636253667632	31.96516853436105	8238987.341828628	1021.771999430106	1858.1998959189968	-9.793288702713651	3452906.8531933706	95.90850361469886	2262.709712035267	1646.894062080307	2.516082	57.586529	1.0738256199865903	0.8291124581846627	-0.1815276425	0.1521256669	-0.1154913113	-0.0934414865	-0.1599677212	-0.097476879	-0.7800234226	-0.2464835782	0.1005306881	0.0280542553	0.0040687296	0.2605172752	-0.0162471661	0.1510780592	0.1865409458	0.1096868232	-0.2363144295	-0.3398925446	-0.0244265228	0.086343858	-0.0099017513	-0.1535228288	-0.1775238638	-0.26360951	-0.0896005869	-0.5534421495	-0.3052666669	-0.1845185679	0.5494802543	0.307753141	0.0425497092	-0.0946645846	0.0883070085	0.1101853531	-0.1249074305	-0.0946491694	0.2009971389	0.1198553377	-0.0186303195	0.1137550972	-0.41698266	0.1963374807	0.3015395961	0.2545843619	-0.2432579543	-0.2071337966	0.2140367456	0.0084221652	0.2707255356	-0.128251674	-0.0118322926	-0.0321950826	0.2264857722	-0.0002018041	-0.2799284948	-0.0784154519	0.1386169412	-0.0731052865	0.165699818	-0.0463728455725203	0.0409434590474261	0.0021504408064928	0.0016763668387682	0.0341874286113608	0.076896566962489	0.0011687802750568	0.0059130820106165	-0.1207629603700581	-0.8056046223066601	0.6489988074818565	0.0145836925973402	-0.0007889989600091	0.0014911845843779	6.225193588954413e-07	2.223631464686291e-06	0.0001550065904312	-0.0009611451272968	9.23799955726382e-07	2.4027043077105788e-08	-1.693884149789489e-05	0.0005552897217256	2.86924351290806e-10	3.083466750541e-07	0.0	0.0	0.0	1.0	0.0	0.0	0.0
1934.760141692616	-3.4076565394893805	3743296.805882431	11.61212309112474	2826.070314157063	-44.29331120970028	7986673.4205598	1961.8974179193604	1862.2958547491776	4.095958830180734	3468145.85061597	16.77687873853553	2253.262554628629	1620.954690365972	1.881693	43.067028	0.6557541823292212	0.3801719325820374	-0.1701285678	-0.221367236	-0.0363343515	0.0259461155	-0.0453770125	0.0073939658	0.3322891847	-0.2804646997	0.1050910194	-0.2071207118	-0.1652375931	0.2182025921	-0.0383649789	0.0323044237	-0.2158404327	-0.1827219233	0.1879704118	-0.2810147044	-0.0138068021	-0.1200432961	-0.2494949795	0.0294227146	0.1189219999	-0.0886905037	-0.0977390671	0.1916212988	-0.0986216402	0.0753323889	-0.1092784644	0.1429234279	-0.3324005028	-0.2525331791	0.2118615955	-0.1393980145	-0.0938894912	0.2896364329	-0.0515294242	-0.532810778	-0.3710153674	-0.0416837635	-0.1227912915	0.1022084622	-0.4309733437	0.2629383462	-0.0202937647	-0.0822228649	0.2163805972	0.0249073629	-0.1991546747	-0.0529307504	0.1816254542	-0.011803536	0.0545320624	0.0304351755	7.64606e-05	0.031445572	0.049181454	0.021498035	0.1579538123	-0.0538237808519141	-0.0074509352793938	0.0028969993851948	5.5516436537715246e-05	0.1436865311130191	0.1094991025016583	0.0206458192232926	0.0119900534486686	-0.0292490577163277	0.0915139026537304	0.0083747943789164	0.000855507377293	0.0064221288313557	0.0072111277913647	4.124373872653013e-05	5.2000364023393775e-05	0.0018257596294455	0.0016707530390143	2.7914157173755187e-06	3.3333982245129696e-06	-8.086284900756966e-05	-6.392400750967477e-05	6.53880034962101e-09	4.086278736096957e-09	0.0	0.0	0.0	0.0	1.0	0.0	0.0
1937.028054834897	2.2679131422810315	3752077.685217464	5.143430020931022	2874.517315756681	48.447001599618034	8262849.798584995	2347.111963993392	1863.4509579307155	1.155103181537925	3472449.472612901	1.334263359999036	2250.265185200576	1620.4749996086318	1.637953	37.488449	0.3204538070337566	0.1864712361404736	-0.1150859844	0.1445990186	-0.0535855701	-0.1696476282	-0.0150232374	-0.0747260291	-0.0643069874	0.0252107801	-0.3555861647	-0.0087960972	-0.0382115124	-0.0609897895	0.0264079479	-0.0601717418	0.1594073003	-0.0709041188	0.1245618371	-0.0768380014	0.0634500687	0.3783954445	-0.2589172686	-0.2366864177	-0.0974316165	-0.091815335	0.0249412615	-0.1500150338	-0.0644218969	0.4159444363	-0.1788932165	0.2387257978	0.0877890666	-0.1148978163	0.0509874895	-0.0922255549	-0.0775949866	-0.0252815492	-0.0290449924	-0.1810927237	-0.2961196903	0.1851616502	-0.3286846006	-0.1845698219	0.3190927095	0.1542018422	0.3328595048	0.2398862789	-0.3954029714	0.1448941871	0.0705719667	0.2276957174	-0.1109892121	0.0750973274	-0.1422064329	-0.1275505856	-0.035566674	0.0671753541	-0.0225911826	0.1788710723	0.1495587405	-0.0393097050638573	0.0145140757880568	0.0015452529122074	0.0002106583959814	0.0728394729050307	-0.0708470582079884	0.0053055888130827	0.005019305656726	0.0202579144100525	0.0495069721263802	0.0024509402891221	0.000410383096245	0.0032470659087171	-0.0031750629226385	1.0543437015552808e-05	1.0081024562714364e-05	0.0012993560597225	-0.000526403569723	2.771007182171174e-07	1.688326169937581e-06	-9.111037487259404e-05	-1.0247525865024376e-05	8.301100409424616e-09	1.0501178635434358e-10	0.0	0.0	0.0	0.0	0.0	1.0	0.0
1942.1249956936167	5.09694085871979	3771849.4988979306	25.978806117287235	2864.73362545514	-9.7836903015409	8206698.744813351	95.72059591646548	1868.3299027292355	4.878944798520024	3490656.6254322347	23.8041023470056	2269.307885785475	1632.7088869517436	1.550795	35.493626	0.2837178941791258	0.1686169181262229	-0.0764445199	-0.2023601809	-0.1587728015	-0.0591068058	0.2581000507	0.0477883688	-0.0344506532	0.1205570698	-0.0696119662	-0.1568508017	-0.0334310254	0.1908007577	-0.0001097729	-0.1314704135	-0.1328783205	0.1239829482	-0.0525071436	-0.0562913559	0.1604230663	0.18412327	-0.1030278523	0.2622312024	0.161552356	0.2470047134	-0.0285690326	0.1878586238	0.0510633583	0.1873983046	0.1360892345	-0.1057051681	0.1075556234	-0.1530861242	-0.0066382739	-0.0903855103	-0.0379347916	0.0557063977	-0.2897603158	-0.2901778483	-0.0041453578	0.119821541	0.064683691	0.0653938652	0.157024994	-0.5060919311	0.1516922197	-0.1153144582	0.0813589077	0.150271426	0.213244946	-0.2554357106	-0.0371534967	-0.3643272604	0.0908581704	-0.0767149476	-0.1406731018	0.0387630421	-0.2122696805	-0.1042805731	0.1405490997	-0.0278337059960591	0.0114759990677982	0.000774715189475	0.0001316985546041	0.0565975806329817	-0.016241892272049	0.0032032861335068	0.0002637990645768	0.1561845754282558	0.1359266610182033	0.0184760571755575	0.0243936216017045	0.0018390767551194	-0.0014079891535977	3.3822033112205016e-06	1.982433456648768e-06	0.0005057328715494	-0.0007936231881731	6.298377648060357e-07	2.557657373656019e-07	-0.0002909648695233	-0.0001998544946507	8.4660555296711e-08	3.9941819032089056e-08	0.0	0.0	0.0	0.0	0.0	0.0	1.0
1939.317702134285	-2.8072935593318107	3760953.149811403	7.880897128265866	2856.9733074757846	-7.760317979355477	8162296.479629124	60.22253514070788	1861.7680130807976	-6.561889648437955	3466180.134530821	43.05839575827719	2264.059299550158	1611.0222617204556	1.473212	33.717953	0.2144258004720016	0.1004895204124908	-0.0890309183	-0.1429143935	0.2981315026	-0.2088903682	0.1567249528	-0.0726539168	0.0295406458	0.0195969191	-0.0438332358	0.0809228786	-0.1359492188	-0.0937040762	-0.0496510391	-0.2505876831	-0.1899164192	0.0675471043	0.0158475576	-0.323148601	0.0513083907	-0.2283385208	-0.0204096349	-0.0994616853	0.0262894303	-0.0586448512	-0.0584135369	-0.0186682526	0.0463814041	0.1217906614	0.1246983031	-0.0117667297	-0.1618915494	0.0402679516	0.270365999	-0.1939363386	-0.0780639768	-0.0050848957	-0.2413477935	-0.2323242541	-0.018787316	0.0325433265	0.2853987362	-0.0083282382	0.361655763	-0.1199614218	-0.4432419367	-0.139240635	-0.1881333476	-0.0888431036	-0.2060618141	0.1955476413	-0.0811672852	0.1905002334	0.2335705117	0.0714720519	0.0767831516	0.013011694	0.2767721316	-0.0031286831	0.1309619126	-0.0040968786294683	0.0237368273665908	1.678441450459406e-05	0.0005634369734313	0.0808464760253002	0.0242488953923185	0.0065361526857094	0.0005880089277476	0.1037918330670635	-0.0523927423611923	0.0027449994521262	0.0107727446114211	0.0028068522411502	0.0009677754860308	7.8784195036499e-06	9.365893913621512e-07	-0.0005842228886543	-0.0010899557602037	1.1880035592012256e-06	3.4131638362757465e-07	-0.0005141803303268	-0.0002232154608035	2.643814120949772e-07	4.982514194171886e-08	0.0	0.0	0.0	0.0	0.0	0.0	0.0
1939.068309037649	-0.249393096635913	3759985.907114127	0.0621969166496498	2871.883294705352	14.909987229567378	8247713.658407668	222.30771918586228	1862.904791581004	1.1367785002064466	3470414.262495464	1.292265358531618	2267.959174190007	1642.627361822985	1.336489	30.58873	0.1386599346076157	0.0810925859919201	-0.0919656732	0.0792814111	0.1583209846	0.0860367934	0.2859428244	-0.158156753	0.0701260828	-0.0031739369	-0.0416470267	0.1906140439	-0.1196545093	-0.0889939529	-0.1438463149	-0.0675911195	0.0112057386	-0.0556518269	0.0940275108	0.121463077	-0.2011097639	0.3384801794	0.0328605774	-0.1575108364	0.3703170416	0.0015631797	-0.1432551212	-0.0138211588	-0.0130245097	-0.0289832019	-0.0458898475	0.0747055074	-0.0097756069	0.0907550543	0.180478119	-0.0554065115	-0.1073795095	-0.0295791223	-0.1025835597	-0.0580804728	-0.0622374118	0.0866784673	0.1308555492	-0.2433823767	-0.0057965017	0.0729471714	-0.1224073994	-0.135328914	0.0630466606	-0.129364686	0.0528874222	0.0873931417	-0.1361319823	0.1010003988	-0.1145293519	0.0457653146	0.0248322591	-0.1465858794	-0.2966476667	-0.1131150972	0.1208365749	-0.0041187704788683	-2.189184939999957e-05	1.6964270257597004e-05	4.792530701522613e-10	0.063843400498456	-0.0170030755268442	0.0040759797872062	0.0002891045773715	0.0262129232470158	-0.0775789098200477	0.006018487248867	0.0006871173451539	0.0025609862228755	-0.0002458660182746	6.55865043375812e-06	6.045009894225504e-08	-0.0003691207179039	0.0002151021707503	4.626894386153423e-08	1.3625010438589058e-07	-9.402737112542336e-05	0.0004201529592013	8.841146520758099e-09	1.765285091256737e-07	0.0	0.0	0.0	0.0	0.0	0.0	0.0
1938.656939961356	-0.4113690762928854	3758390.730860329	0.1692245169300618	2874.2418367549844	2.358542049632433	8261266.136152667	5.562720599884359	1864.9267796566608	2.0219880756567363	3477951.893480563	4.088435778098032	2264.3788209739305	1627.222353486006	1.171092	26.803223	0.2461204862103865	0.1297356483792835	-0.1287597462	0.0999834579	0.0534789613	-0.0288688799	0.0238567054	-0.1222985108	0.0323627165	-0.0114816928	-0.1270521819	0.1118085387	-0.0264751492	0.0166119389	-0.176404105	0.0193442298	-0.2111884292	-0.1349963311	-0.037799145	0.1505355048	-0.1602606849	0.1788157168	-0.1880916938	-0.0576948244	0.0385755091	-0.065498558	-0.1142935858	0.0497789183	-0.0381607049	0.044179894	-0.0985698655	0.0778269789	0.1990311749	0.1314309544	0.2115054632	0.0566184609	-0.1485748877	0.0574061172	-0.0563443531	0.0257018492	-0.0019055817	0.169390763	0.1555855567	-0.2616192203	-0.0523988903	-0.0386159211	-0.0158978134	0.1636939722	0.3157649838	-0.1404210091	0.5364889253	0.0010464153	0.0741097347	0.0770454233	-0.1955431177	0.1238551218	0.2559651974	0.1642291205	0.2042682753	0.1292563778	0.1102146937	-0.0232995522602834	-0.0191807817814151	0.0005428691355296	0.0003679023897462	0.1115502329066941	0.0477068324082381	0.0124434544615376	0.0022759418584277	-0.0865377161458837	-0.1127506393928994	0.0127127066835076	0.0074887763157455	0.0016059629453915	-0.000955023277484	2.579116981970542e-06	9.120694605362816e-07	-0.0002442757790734	0.0001248449388305	1.5586258751591294e-08	5.967065624191653e-08	-0.0003438038073676	-0.0002497764362421	1.1820105796045785e-07	6.238826810184214e-08	0.0	0.0	0.0	0.0	0.0	0.0	0.0
1939.8131098719607	1.1561699106046035	3762874.9012311273	1.336728862187457	2879.195364973664	4.953528218679367	8289765.949685829	24.537441813252777	1862.344183670847	-2.5825959858136684	3468325.858452634	6.669802025940874	2271.2834853584886	1643.8865762432654	1.331878	30.483202	0.2707629884871672	0.1531433819214788	-0.0568999548	0.002316657	-0.1607783973	0.1145712716	0.139182809	-0.145886983	0.056074241	-0.0332877604	-0.028751608	0.1405870542	0.3060885673	0.1428851115	-0.1301836746	-0.1176529753	-0.0222542134	-0.0106816491	-0.0756643708	0.1522182906	0.0165477191	-0.0339026303	-0.0861823269	0.0489985808	0.1065104961	-0.2532974131	-0.1169641701	-0.0052878923	0.1075743073	-0.0729785638	-0.0469259545	0.0034524914	0.0970835899	0.2168190306	0.15216314	-0.2468619413	-0.0930114107	-0.0482554263	-0.1659325362	0.0812318202	0.0013386346	0.099444967	0.0418243693	0.1287724145	-0.059223594	-0.0496185909	0.0751087092	0.2427575355	-0.0267781677	-0.0558243576	-0.0203419259	-0.111599935	0.094171646	0.2144972799	0.1024266935	0.0247938399	0.0871341306	-0.2998999711	-0.1080019295	-0.0102052613	0.0991399168	-0.0234009998298603	-0.0001014475695769	0.0005476067930371	1.0291609373060082e-08	0.0630854132068776	-0.0484648196998164	0.0039797693594824	0.0023488387485357	0.0389865049804001	0.1255242211262838	0.0157563300893601	0.0015199475705867	0.0007349832578866	-0.0008709796875048	5.402003893736004e-07	7.586056160461331e-07	0.0003860325701108	0.0006303083491842	3.972886150513114e-07	1.4902114518634973e-07	8.835815777310011e-05	0.0004321619651407	7.807164045056051e-09	1.8676396411427173e-07	0.0	0.0	0.0	0.0	0.0	0.0	0.0
1935.7856729614143	-4.027436910546385	3747266.171642676	16.22024806843141	2876.728029000813	-2.467335972850833	8275564.152838903	6.087746802923767	1859.4288657740544	-2.915317896792658	3457475.706873786	8.499078439359566	2271.582918640569	1649.3768584047723	1.127162	25.797779	0.0324132994384933	0.0212606995094608	-0.0136688787	0.1847442423	0.1033452805	0.0587489121	0.0616018575	-0.1372494237	-0.0297072006	0.1373310328	-0.0692781964	0.0626883582	-0.0415529112	0.1180863476	-0.1370633585	-0.0925869822	-0.0375997448	-0.0245087512	0.1974121638	0.138355669	0.1806119774	-0.0216310121	0.1857845765	0.0012157897	0.186594437	-0.0640434392	-0.1206090238	0.0386248408	0.1186500586	-0.0574663832	-0.0085119532	-0.0286155142	0.2162519606	0.0564550038	0.0364266961	0.189040582	-0.0915509376	-0.0741280294	-0.1144678961	0.1237021582	0.0284664109	0.0985813512	0.0141401169	-0.2525438156	-0.1303903535	0.0290509164	-0.0278539953	0.1552780392	-0.0137123677	0.0445924903	-0.2033274389	-0.0881255272	-0.0066396611	-0.006627142	-0.0133368796	0.0074997987	-0.2017570297	-0.1667617385	0.1854303906	-0.1134458877	0.0876577526	-0.0233685851794973	3.241465036300101e-05	0.0005460907732914	1.0507095581556014e-09	0.0438767813166833	-0.0192086318901943	0.001925171938712	0.0003689715390929	0.0433312393439138	0.0043447343635137	1.8876716689496805e-05	0.0018775963030795	0.0008269800855976	9.1996827711e-05	6.838960619750138e-07	8.463416308887419e-09	0.0004670348014614	8.100223135059997e-05	6.5613614837761214e-09	2.181215057760893e-07	8.480684614625358e-05	-3.551311626846527e-06	7.192201153274326e-09	1.2611814270975327e-11	0.0	0.0	0.0	0.0	0.0	0.0	0.0
1935.2311939099447	-0.5544790514695705	3745119.77388211	0.3074470185185947	2871.9823776866515	-4.745651314161478	8248282.777742672	22.52120639560256	1863.2129490902548	3.7840833162003946	3471562.4936576043	14.319286543946175	2270.6753301958665	1617.0200394042238	1.29532	29.646484	0.1466445365106908	0.085765968805098	-0.0180611655	-0.1165522723	-0.2193720721	0.2047121449	0.1069198688	-0.0807893467	-0.0115236635	0.2275803698	0.1434136269	-0.1340391363	0.0861056138	0.019382612	0.0130966382	-0.0541731019	0.1275979606	0.2656344127	0.3058047328	-0.0611460539	-0.0448573773	-0.0789778507	-0.0710226582	-0.2041621586	-0.0442635684	0.3621778651	-0.0305701259	-0.1332729728	0.2033563472	-0.0712509488	-0.0049364549	-0.1847846163	-0.0648440828	-0.185139669	-0.0956690609	-0.1982352433	-0.0655576728	-0.1167664076	-0.1017852981	0.073276993	0.0477390899	0.189183438	0.1479059739	0.2743792055	-0.0854911908	0.1245019022	0.1606067444	0.2775971279	-0.0771537065	-0.034926618	-0.083132905	-0.1083857028	-0.1404355334	0.1112339598	0.1351787949	-0.130598402	0.0463361727	0.0982013983	0.0003400887	-0.4006429963	0.075815384	-0.0209860242458432	0.0023825609336541	0.0004404132136471	5.6765966025747e-06	0.0200433356108789	-0.0238334457058044	0.0004017353024103	0.0005680331342115	0.0857953481275188	0.0424641087836049	0.0018032005347858	0.0073608417603221	-0.0004480107654454	-0.001274990851043	2.007136459549732e-07	1.6256016702433537e-06	0.0002039760365262	-0.0002630587649351	6.919991380923279e-08	4.160622347693768e-08	0.0001060456519206	2.123880577434642e-05	1.1245680291265056e-08	4.510868707204108e-10	0.0	0.0	0.0	0.0	0.0	0.0	0.0
1936.7143032380643	1.4831093281195535	3750862.292366901	2.1996132791552334	2870.1552960840286	-1.8270816026229115	8237791.423639198	3.338227182643106	1863.5803267629524	0.3673776726975575	3472931.6342979125	0.1349663543966736	2267.8090902558456	1625.232657571515	1.241958	28.425167	0.101282562053457	0.0565067062720495	-0.0421923104	0.0482567059	0.1645041433	0.0319210744	0.2110452911	-0.0653234963	0.027426275	-0.003720866	-0.1711635884	-0.0621155586	-0.0329782667	-0.0048162327	-0.0744206444	-0.0629933272	-0.0352867728	0.0730236229	0.0957182135	-0.1706261988	0.049276243	0.0825858255	0.3500716035	0.0892515097	-0.0455328514	-0.0036695566	-0.0787910981	0.0021059883	0.0944715633	0.0973869949	0.0836619637	-0.0927857036	-0.0443981899	0.1901594629	-0.1372591876	0.041835449	-0.0767542268	-0.1077129139	-0.0959923617	0.0989850031	0.0804663851	0.1280589498	0.2084960686	-0.1633464607	-0.068531527	0.1802076837	-0.0535285979	0.0156522521	0.0228131421	0.0356790691	-0.1131957686	-0.1150522839	0.0746794136	0.0430515441	0.0112080652	-0.0314502696	-0.2143158719	0.0392679863	-0.2367378936	0.1276573189	0.0636614736	-0.023322534176188	-0.0023365099303448	0.0005439406003994	5.45927865459987e-06	0.0078516454062622	-0.0121916902046166	6.164833558567831e-05	0.0001486373100453	0.0586412042459443	-0.0271541438815744	0.0007373475299412	0.0034387908354145	0.0002090086606839	0.0006570194261293	4.3684620240877656e-08	4.316745263112748e-07	-0.0002879933816781	-0.0004919694182043	2.4203390844827746e-07	8.294018789038779e-08	6.303013551577992e-05	-4.301551640482008e-05	3.972797983137582e-09	1.850334651573345e-09	0.0	0.0	0.0	0.0	0.0	0.0	0.0
1938.8864068928071	2.172103654742841	3759280.4988337	4.718034286947208	2881.387837819924	11.23254173589521	8302395.871936575	126.1699938486278	1859.832498329564	-3.747828433388349	3458976.921842788	14.046217966114169	2268.7045541316907	1625.5888811899515	1.102742	25.238865	0.16615782724151	0.1020032255759757	-0.0753659227	0.1311005766	-0.1132763489	-0.1038394776	-0.1508877474	-0.0189728773	-0.0660972711	-0.0182256168	-0.1511537772	-0.0230976741	0.0202405736	-0.0080692385	-0.083827905	0.105571314	0.0802263805	0.1289122687	-0.2161036594	-0.0089977539	-0.0345209632	0.0376011475	0.3050333699	0.1045656973	0.1154577086	-0.0536333425	-0.0821784041	-0.0612400323	-0.0137194721	-0.0317025746	0.0899681457	-0.1165403233	0.0714588837	0.1346046432	-0.2656782057	-0.0409601671	-0.1040979495	-0.0437183811	-0.0032275936	0.217011831	-0.007049302	0.1571836639	-0.0719949882	0.0582628281	0.0222494202	0.1345145273	-0.1069728368	0.0190308121	0.0426163547	0.001963985	-0.0307896409	0.0346307938	0.1322995873	-0.0737532605	0.0301115662	0.1151811888	0.057207565	0.0888550219	-0.0518272876	-0.1017541592	0.0512459647	-0.0025362624202358	0.0207862717559522	6.432627064300359e-06	0.0004320690935122	0.0098221570406735	0.0019705116344113	9.647476893165202e-05	3.882916101350296e-06	-0.0352083600903512	-0.0938495643362955	0.0088077407261124	0.0012396286202518	0.0001249419204739	-8.406674021e-05	1.5610483491706352e-08	7.0672168095356315e-09	0.0003430211007537	0.0006310144824318	3.981792770386724e-07	1.1766347556228e-07	0.000338978503171	0.0002759483676552	1.1490642561205166e-07	7.614750161158053e-08	0.0	0.0	0.0	0.0	0.0	0.0	0.0
1941.4206908955616	2.5342840027544757	3769114.2990374	6.422595406617245	2869.152738683364	-12.235099136559713	8232037.437894248	149.6976508814442	1864.5764365748355	4.743938245271465	3476645.287830112	22.50495007494931	2274.2208951043744	1634.7590221321273	1.152456	26.376692	0.1039922773366653	0.0699148860699223	-0.1085435364	-0.1922721228	-0.0973819188	0.0574171676	0.0253597474	-0.0628144348	-0.0262460674	-0.1257625989	-0.0232250933	-0.1899494556	0.1545776231	0.1202504234	-0.1831965416	0.0077001265	0.0216345894	0.1743657854	-0.1561402515	-0.00748115	0.0317534001	-0.250614388	-0.1158991923	0.2835449826	0.0902681251	0.0024573168	-0.1797115986	0.0962002391	0.0229623467	-0.0485016546	0.1384324651	-0.1647570564	-0.0291765637	0.0029957785	-0.0658521733	-0.0673827209	-0.1332990958	0.108092448	-0.0506851169	0.0987306818	0.0857398976	-0.0320020463	0.1713288769	0.1378745523	-0.0101719379	0.1537302598	0.0834109464	0.1041650207	0.0804557177	0.0433491267	-0.046329737	-0.0032643719	5.28558e-05	0.0509212671	-0.0357898656	0.0936309355	-0.1403351651	0.0782475992	-0.0454588481	0.112700453	0.038619875	-0.0026171172798683	-8.085485963249973e-05	6.84930285658525e-06	6.537508326191234e-09	0.0098437492570582	2.1592216384699187e-05	9.689939943583386e-05	4.66223808403672e-10	-0.0978959408546273	-0.0626875807642761	0.0039297327820776	0.0095836152358126	0.0002620015522856	0.0001370596318117	6.864481340006398e-08	1.8785342672358765e-08	-5.699318002383436e-05	-0.0004000142807775	1.600114248259681e-07	3.248222569229192e-09	5.200742583279286e-05	-0.0002869710773382	2.70477234175345e-09	8.235239922865126e-08	0.0	0.0	0.0	0.0	0.0	0.0	0.0
1937.6449928607824	-3.775698034779225	3754468.1183584617	14.255895649835702	2885.8117046097286	16.658965926364544	8327909.194462508	277.5211457357749	1855.11016460218	-9.466271972655475	3441433.7228103275	89.61030506028261	2260.992689849637	1623.2742917789908	1.318827	30.184504	0.243369540446925	0.2049171686763059	-0.0694197916	0.1847774345	-0.0914737994	-0.0662075368	-0.0445950529	-0.0281664609	-0.0544902861	0.0971882378	-0.2751025622	-0.0158841754	-0.0262861172	-0.1227941283	-0.0230187761	0.0147758212	0.3337204216	0.1269297058	0.1384573947	-0.0189624334	0.1561686936	0.1185578052	-0.0143139232	0.0778443089	0.0546027289	0.0119643999	0.047011856	-0.1772746899	0.0406105995	0.2200105361	-0.0392411375	0.0160737506	0.0749324849	0.0402877744	-0.3230265299	-0.0843099096	-0.0522224744	-0.2074984636	-0.0305916492	0.1445795461	-0.0865705962	0.1158353192	0.0006601253	0.0835201205	-0.0585712677	0.016428804	0.0568263613	-0.0701103083	-0.094669331	-0.095128967	-0.162805892	-0.1402518875	0.0314829472	-0.1016618044	-0.0676965795	0.0685951382	0.1392752512	0.5020033808	0.0071781806	0.1376671728	0.0258350881	-0.0025743637795869	4.275350028140005e-05	6.6273488696489486e-06	1.827861786311674e-09	0.0098688766000663	2.512734300810088e-05	9.73947253473362e-05	6.313833666467561e-10	0.0993562534320346	0.1972521942866619	0.038908428150903	0.0098716650960506	-0.0003479783507008	-0.0006099799029863	1.2108893255644898e-07	3.7207548204729785e-07	-0.0001810416635028	-0.0001240484834789	1.5388026253431212e-08	3.2776083923861064e-08	0.0002389683457069	0.0001869609198741	5.710587024989248e-08	3.4954385560172306e-08	0.0	0.0	0.0	0.0	0.0	0.0	0.0
1942.96193267118	5.316939810397571	3775101.071809327	28.26984894739056	2875.42708756805	-10.384617041678666	8268080.935920078	107.84027110232296	1865.6276045949835	10.517439992803476	3480566.359026816	110.61654400222196	2271.7806028541945	1633.1308071113633	1.385715	31.71538	0.2255133172663309	0.1254906573824558	-0.0390626561	-0.2573769769	-0.0120970663	-0.0157841271	-0.0129657894	0.0587405703	-0.1282081672	0.1474690609	0.0065656356	-0.2585976106	-0.0187627667	0.037487803	-0.0673295333	-0.2346369837	-0.1219862189	0.0466654463	-0.024406376	0.1280077346	0.3327914179	-0.0584779009	0.0517514745	-0.0204265062	-0.1682893611	0.1379897617	-0.0220725705	0.0702392959	0.1579640164	0.1342513237	0.2253692121	-0.1880638762	0.0980634065	-0.0845537197	0.0161260568	0.1095712749	-0.0196664144	0.026417672	-0.1933701345	0.0607869238	0.2045558485	-0.1152311562	-0.0124434855	0.1116717556	0.109179774	0.068697071	-0.0395069022	0.0878135722	0.2447858279	0.1397251891	-0.2148273208	-0.0464186832	-0.0533727823	-0.2346362259	-0.1464028705	-0.2593015038	-0.1341794478	0.1361191507	0.0506243399	0.2675246828	0.0129441391	-0.0023847356300024	0.0001896281495845	5.686964025002943e-06	3.5958835114841516e-08	-0.0662154601753997	-0.076084336775466	0.0043844871662399	0.0057888263025625	0.1252605177024151	0.0259042642703804	0.0006710309073897	0.015690197295077	-0.0022355522669636	-0.0018875739162628	4.997693938326092e-06	3.562935289355684e-06	0.0003421710394233	0.0005232127029261	2.737515325032355e-07	1.1708102022002155e-07	0.000294883487936	5.59151422291e-05	8.695627145730106e-08	3.126503130500481e-09	0.0	0.0	0.0	0.0	0.0	0.0	0.0
1940.05393884528	-2.9079938258998936	3763809.2856290857	8.456428091471901	2867.4093426320346	-8.017744936015333	8222036.338213477	64.28423385899951	1862.8951692280016	-2.732435366981917	3470378.4115330246	7.466203034733606	2259.033701145903	1636.493933908002	1.259748	28.832319	0.3462552362318899	0.2205891559495298	-0.1189092146	0.1132727546	0.0485363345	-0.1053675635	0.214778414	-0.0191374377	-0.0733065385	-0.0163671019	-0.1826655417	-0.024239461	-0.1131615548	-0.1542500393	-0.1477365634	0.0441085905	0.083583566	0.148541238	-0.0161518451	-0.0891862811	-0.0282963934	0.0900884792	0.0217449328	0.0452464899	0.1182123715	-0.0522027838	-0.0557773489	-0.073968485	-0.0938122463	0.2271169768	0.0465682516	-0.0490660472	0.0192054802	0.1036137773	-0.1003879285	0.1158386129	-0.1095598485	0.0040121825	-0.0321855843	0.1736634943	-0.0339754178	0.0315407364	-0.0348214533	-0.1049103168	0.0259635581	0.0649662572	-0.0066707065	-0.1562815044	0.1031220118	0.0459782786	-0.0988241347	0.0142598443	-0.0941009523	-0.0674626807	-0.1291375873	0.0362221664	0.0396668251	0.0073363882	0.0485507744	-0.0390879933	0.0	-0.0026538379791958	-0.0002691023491934	7.042856019822048e-06	7.241607434140667e-08	-0.0099361993780462	0.0562792607973535	9.872805808028568e-05	0.0031673551958965	-0.0435166359808079	-0.168777153683223	0.0284857276054102	0.0018936976070861	-0.0001010151587392	0.0021345371082244	1.0204062295105774e-08	4.556248666386985e-06	0.0001489894515964	-0.0001931815878269	3.731912587532228e-08	2.2197856686996023e-08	0.0002040077959449	-9.08756919911e-05	4.1619180806295965e-08	8.258391394861277e-09	0.0	0.0	0.0	0.0	0.0	0.0	0.0
1941.22472763685	1.1707887915699755	3768353.4431887623	1.370746394465884	2866.870761232678	-0.5385813993566444	8218947.961610834	0.2900699237329612	1862.5721570466687	-0.3230121813328424	3469175.0402054805	0.104336869289401	2261.4004884543992	1642.17703103924	1.092899	25.013597	0.0457237679248834	0.0226408579216045	-0.1286405329	-0.0544070869	-0.1882188844	-0.0538739418	0.0084560541	0.0066098657	-0.035992793	-0.073568079	-0.1042773566	-0.0531232941	0.0440642053	-0.0408932958	-0.0969115497	0.0345211884	0.1548077285	0.1826123454	0.01109263	0.1929542505	0.1546387881	0.0695545778	-0.1727237117	-0.0416169251	-0.2192665726	0.0359751042	-0.0451688149	-0.0267597367	-0.0915283386	0.1639066973	-0.062146752	-0.1113501388	0.1241989858	-0.0433095597	-0.0286448179	-0.1900626769	-0.1040084937	0.0626681198	-0.0247487851	0.1363336069	-0.0202442356	-0.0445392551	-0.0175873182	0.2307060096	0.0602048871	-0.1097842259	0.0412307072	-0.1542792577	0.0353393756	-0.0010146146	-0.1668316386	0.1468684686	-0.0904651601	-0.0288900714	-0.0779102362	0.1514389779	0.1975176345	0.0526418288	-0.1507555633	0.1507807101	-0.0129441391	-0.002586553605866	6.728437332980015e-05	6.690259556018406e-06	4.527186894383922e-09	-0.0222990294394804	-0.0123628300614342	0.0004972467139428	0.0001528395671279	-0.0466595690136273	-0.0031429330328194	9.878028048787355e-06	0.0021771153805374	-0.0002929901618368	-0.0001919750030976	8.584323493315428e-08	3.6854401814323545e-08	-0.0001740166497699	-0.0003230061013663	1.043329415198565e-07	3.028179439714004e-08	0.0001159744912628	-8.80333046821e-05	1.3450082623665273e-08	7.74986273325145e-09	0.0	0.0	0.0	0.0	0.0	0.0	0.0
1939.7136908676323	-1.511036769217753	3762489.2025393327	2.283232117928026	2851.871155613688	-14.99960561898979	8133169.0882213535	224.98816872523008	1861.781265419408	-0.7908916272606348	3466229.4802666926	0.6255095660709749	2259.41034260202	1642.6772944132488	1.097497	25.118822	0.0944013403168877	0.0511163057592742	-0.1448076891	0.1468251166	0.0276543598	-0.1151601853	0.0380892805	-0.1125135909	-0.031368622	-0.0818476589	-0.0477831626	-0.0251731777	-0.1249062435	-0.1185889706	-0.1567136767	0.1182728424	0.0432010337	-0.0570761836	0.0412569146	0.0592792466	0.0825015941	0.057485011	-0.0657464776	0.1941360649	-0.1204390316	0.09929318	-0.142523299	0.0186450094	-0.1791267821	0.0895546193	-0.0691565016	0.0104141105	0.0863039537	-0.0540522974	-0.0244546061	0.1218348294	-0.1145235513	0.082410868	0.0362928451	0.1611254216	-0.0374473756	-0.0417145276	-0.0654426892	-0.0869727684	-0.0001460421	-0.1195789891	0.1201000428	-0.2067145989	0.1070507912	0.0530120749	-0.2290221686	0.2091094322	-0.0682010433	-0.1081270031	-0.0894856351	0.0280239471	-0.0557693309	-0.0595622061	0.2251703505	-0.0623167577	-0.0258350881	-0.0115159935938891	-0.0089294399880231	0.0001326181084544	7.973489849970599e-05	-0.027977853212505	-0.0056788237730245	0.0007827602703804	3.224903944506934e-05	-0.0780023433782162	-0.0313427743645889	0.0009823695048695	0.0060843655724931	0.0003099965037868	0.0006029866656236	9.609783236003948e-08	3.635929189198672e-07	0.0001300080664157	0.0003040247161856	9.243102805173465e-08	1.6902097333149066e-08	5.397982924697689e-05	-6.19946620158231e-05	2.9138219655327822e-09	3.84333811845614e-09	0.0	0.0	0.0	0.0	0.0	0.0	0.0
1940.4717902035973	0.758099335964971	3765430.768575954	0.57471460319053	2861.942297197575	10.071141583886856	8190713.712488533	101.42789280269506	1862.2586316560444	0.4773662366362714	3468007.2111774427	0.2278785238802766	2263.71574564183	1615.7651707959508	1.195931	27.371723	0.0611783117819462	0.0279670355417911	-0.125987318	-0.2160965867	-0.0524396514	0.0025641969	-0.0307971388	-0.0572537895	-0.1408505129	0.016412146	0.1956018059	-0.1619346776	-0.1188549094	-0.2002278011	-0.1573240905	-0.0091531593	0.0674053947	-0.0760652016	0.0416518452	0.2528510331	-0.0835575033	-0.0766310603	-0.0316056289	0.0710193979	-0.0241167078	0.0700671779	-0.1253064918	-0.0111280198	-0.0869465928	0.0725888966	-0.0753692249	-0.2123908025	0.1628839869	-0.2652590275	0.0927506956	-0.0538418819	-0.1168001498	0.1392273442	-0.024119032	0.0916648016	-0.0084985584	-0.1317868011	0.0660886129	0.1107662009	0.0472276758	-0.0544286724	0.2281941716	-0.087529023	0.1236757767	0.1320022324	0.0195214603	0.2336773344	-0.1054006378	-0.0234868008	0.0632773209	0.0448549227	0.0688122615	-0.1002755082	0.0148682039	-0.0082314854	-0.038619875	-0.0026092239652371	0.008906769628652	6.808049700767615e-06	7.93305452178777e-05	-0.0188486778230156	0.0091291753894893	0.0003552726556758	8.334184329205892e-05	-0.0827914664528322	-0.004789123074616	2.293569982381941e-05	0.0068544269174104	3.094358616364596e-05	-0.0002790529176231	9.575055246669818e-10	7.787053083399479e-08	0.0003430050092274	0.0002129969428116	4.53676976471306e-08	1.1765243635508877e-07	0.0003289948425959	0.0002750150133489	1.0823760645470103e-07	7.563325756730834e-08	0.0	0.0	0.0	0.0	0.0	0.0	0.0
1944.9100849374768	4.438294733879502	3782675.238491503	19.69846014478252	2855.8659386268027	-6.0763585707723	8155970.259408749	36.92213348059799	1861.0351042094985	-1.2235274465458588	3463451.659100059	1.4970194124510292	2259.673182927125	1633.9831062248368	1.149033	26.298342	0.1237954250859458	0.0683370171281736	-0.1191847451	-0.0619289824	0.23635852	-0.0453221379	0.0048639648	-0.093326402	0.0264547708	-0.2113966915	0.0656952984	-0.0550322981	0.1814484702	-0.186272027	-0.234789819	0.1349632097	-0.136588159	-0.0292635381	0.0209658246	0.1965201251	-0.1136196703	-0.0368653496	0.0221747275	-0.0958737341	-0.0418594866	-0.127782285	-0.1816295052	0.045104564	-0.1708891081	0.002156543	-0.0703058029	-0.1227988582	-0.1005169728	0.2118225658	0.1035461332	0.2114422185	-0.1300671318	0.1540116339	0.0324625707	0.0879783526	-0.010869349	-0.1376987275	0.1427787756	-0.1716871549	0.0554660479	0.0427408237	0.1385456269	-0.153142363	-0.0168683749	0.1631185256	0.1339896152	0.1086145204	0.079997204	-0.0081896678	0.1277927349	0.1570461439	0.0287613349	-0.0605589371	-0.121978912	0.0040009385	-0.0512459647	-0.0026304135212598	-2.118955602270012e-05	6.91907529282638e-06	4.48997284439147e-10	-0.0134026740111181	0.0054460038118975	0.0001796316706483	2.965895751920212e-05	-0.1128170737148366	-0.0300256072620044	0.0009015370914521	0.0127276921215788	0.000960996543871	0.0009300529577073	9.235143573320068e-07	8.649985041401971e-07	-8.203908263459958e-05	-0.0004250440918619	1.8066248002679197e-07	6.7304110795266595e-09	-8.196059695517085e-05	-0.000410955439551	6.717539453247961e-09	1.6888437329661386e-07	0.0	0.0	0.0	0.0	0.0	0.0	0.0
1941.4507520638308	-3.4593328736459625	3769231.0226892144	11.966983930687633	2861.1620337024533	5.296095075650555	8186248.183100359	28.04862305033006	1860.7065995065789	-0.3285047029196448	3462229.049447336	0.1079153398403241	2262.423646751025	1654.1638716128534	1.319101	30.190773	0.1134434930924664	0.0650669222326077	-0.114536454	-0.0716604912	-0.1764465136	0.0953972492	0.0555590203	-0.144137024	0.0394683587	-0.1104475853	0.1542817465	0.2107343898	0.0887924632	0.005232706	-0.0894458407	0.063311488	0.0761095318	0.0359993845	-0.0866603783	-0.0399033465	0.0796254802	0.0134286834	0.0226402368	-0.0624524109	0.0857144818	-0.1452846458	-0.0886293347	-0.1491648152	-0.0544989958	-0.142025621	-0.1311075799	0.0471957367	0.0500349283	0.016957396	0.0267702	-0.28417378	-0.1044122074	0.0701955794	0.0111766681	0.135473481	-0.0888228256	-0.0171590709	-0.0386688746	0.2540803566	0.0050567267	0.0375507837	0.0987258682	-0.0771562804	-0.0329502291	-0.0706808839	0.0848234766	0.1070339781	0.0032666876	0.0800880626	0.0432606581	0.0518988539	0.2259600308	-0.1864400025	-0.1627357084	0.0351780026	-0.0636614736	-0.0026783953863969	-4.798186513709987e-05	7.173801845872198e-06	2.3022593820348403e-09	-0.031940889443959	-0.0185382154328409	0.0010202204184712	0.0003436654314344	-0.0644591694582601	0.0483579042565765	0.0023384869040882	0.0041549845272486	0.0003499973218862	-0.0006109992219848	1.224981253275123e-07	3.733200492660309e-07	0.0001090080279742	0.0001910471106087	3.64989984719709e-08	1.1882750162823968e-08	4.598090120946761e-05	0.0001279414981646	2.11424327603482e-09	1.6369026952612187e-08	0.0	0.0	0.0	0.0	0.0	0.0	0.0
1941.449466421935	-0.0012856418957198	3769226.030670017	1.6528750840302356e-06	2887.3885232916787	26.22648958922537	8337012.484436501	687.8287561737466	1868.7308317485608	8.024232241981963	3492154.921527668	64.38830307326288	2269.9737211186834	1647.2188447202277	1.423251	32.574478	0.2890342035677347	0.244600702327674	0.0516560718	0.1605833817	0.1454650694	-0.0368495369	0.1920509996	-0.0404355189	-0.0430071134	0.1485925864	-0.1044868744	0.1283205174	-0.0129727307	0.2176565427	-0.0634967828	-0.1161752835	-0.0757304504	-0.0956577914	-0.0939247855	0.0035071923	0.0036164532	0.1777313959	0.0649792794	0.0382148982	0.0585662475	-0.1586618695	0.0089872363	0.0592781494	0.0792145254	0.0640728328	0.0209104223	0.1492139075	0.3427745705	0.1837004026	0.172877024	0.2021687479	0.0203432276	-0.0673885753	-0.1274388045	0.077304017	0.0160486088	0.0013742695	-0.1322495215	-0.2185282323	-0.067600091	-0.1266544772	-0.0219791886	0.0158831412	-0.0922461888	0.0275006825	-0.162317484	-0.046025394	0.0908789024	-0.1138595415	-0.1433548987	-0.1598540896	-0.0374921581	-0.2425754389	0.104028666	0.0341879267	-0.075815384	-0.0108953155388604	-0.0082169201524635	0.0001187079006913	6.751777679196078e-05	-0.0464285527043841	-0.014487663260425	0.0021556105062237	0.0002098923867474	0.1765691415524628	0.2410283110107229	0.0580946467086817	0.0311766617485736	7.498143787906855e-05	-0.0002750158840071	5.6222160264126165e-09	7.563373645622397e-08	0.0002050069588739	9.59989308997e-05	9.215794733885376e-09	4.2027853186724926e-08	0.0001809922691851	0.0001350113679756	3.2758201504771705e-08	1.8228069482651617e-08	0.0	0.0	0.0	0.0	0.0	0.0	0.0
1939.3321178477768	-2.1173485741583136	3761009.0633159433	4.483164984490244	2864.693625057445	-22.694898234233733	8206469.565444765	515.0584058622254	1864.0871408562912	-4.64369089226966	3474820.868705782	21.563865102948192	2276.2344330050423	1641.6680338358926	1.239605	28.371302	0.212753556601992	0.1340950514204009	-0.0178342013	-0.1420895958	0.0756013418	0.1286376883	-0.189357438	-0.0557647022	-0.0272919929	0.0646926365	0.2770338976	-0.0374956353	-0.0455994911	0.0622594652	-0.1145013274	-0.1165366273	-0.0473812569	0.1513583736	0.0780912612	0.1404577201	-0.0350198595	-0.2901563115	-0.0614200936	0.0986768929	0.0123647745	0.0575412408	-0.1168529849	0.0327544617	0.1109711563	-0.2155647384	0.0966771011	-0.2340671605	0.032509363	-0.1126712683	0.0780555116	-0.0138732384	-0.0465731802	0.0792152838	-0.0952087618	0.0135530549	0.040718719	-0.1681106871	0.026968182	-0.0261148088	-0.0333359171	0.0834092458	-0.0276246858	0.1777063198	-0.0118321035	-0.1000576823	0.0687295414	0.0401023218	0.0847651992	-0.1047582392	-0.0048829064	-0.0151640346	-0.0800580304	-0.2271333786	0.1715170983	0.0431357273	-0.0876577526	-0.0026254900889171	0.0082698254499433	6.893198207001922e-06	6.83900129725299e-05	-0.0198909045021906	0.0265376482021935	0.0003956480819152	0.0007042467721033	0.061128344453067	-0.1154407970993958	0.0133265776349438	0.0037366744955728	0.0009820131808271	0.000907031742948	9.643498873181583e-07	8.227065827153437e-07	0.0002739541791156	6.894722024169999e-05	4.753719179057485e-09	7.505089225490225e-08	-9.313448463435666e-05	-0.0002741267538194	8.674032228107216e-09	7.514547715959301e-08	0.0	0.0	0.0	0.0	0.0	0.0	0.0
1938.219741830632	-1.1123760171446977	3756695.767622002	1.2373804035187004	2861.163845977093	-3.529779080352	8186258.55352643	12.459340356090612	1862.041831568668	-2.0453092876232404	3467199.7825116	4.183290082037887	2273.473436504391	1622.7933643363906	1.156432	26.467691	0.1056394253766106	0.0493987672928086	-0.055337743	0.1905017932	-0.1734605404	-0.0668817893	-0.1577837578	-0.1099202774	0.0674010997	-0.0354790175	-0.0036970586	0.0475863391	-0.0745476157	0.0877237097	-0.0764351448	0.0687392896	0.2201864133	-0.0059834389	-0.0624082554	0.0868845094	-0.0860028035	-0.197718429	0.1264294899	-0.0917960708	0.2497191208	0.0449206278	-0.1014609667	0.0464268664	0.0216274468	-0.1308300551	-0.0327718608	0.0543154115	0.1006790235	0.0276547373	-0.202421489	0.0203483641	-0.0595433097	0.0698542117	-0.0171661457	0.1420989693	-0.0639792456	0.050076556	-0.1150119206	-0.033846832	-0.1068355035	-0.173439662	-0.024334472	0.1221440786	-0.0222922369	-0.0561346038	-0.0100139594	0.0312313579	0.1301007931	-0.0834466204	-0.0089677711	0.0395499315	0.0087734431	-0.0781563497	0.1422967564	-0.093960385	-0.0991399168	-0.0105965221695498	-0.0079710320806327	0.0001122862820897	6.353735243047567e-05	-0.0288437996097599	-0.0089528951075693	0.0008319647759279	8.01543308071383e-05	0.0372490819843562	-0.0238792624687108	0.0005702191760495	0.0013874941086772	0.0001284560769702	-0.0008535571038568	1.6500963710573952e-08	7.285597295445786e-07	0.0004110136146762	0.0001370594355606	1.8785288876190275e-08	1.6893219144919586e-07	0.0002129736903421	0.0003061081749764	4.53577927779327e-08	9.3702214787417e-08	0.0	0.0	0.0	0.0	0.0	0.0	0.0
1941.051652908411	2.831911077778841	3767681.519258474	8.019720352446516	2865.40496522377	4.241119246677044	8210545.614729035	17.98709246453446	1867.719489489104	5.677657920436104	3488376.0914174397	32.23579946149083	2270.9903190017594	1622.880176749772	1.225777	28.054819	0.0999467656189805	0.049401245393013	-0.0282271772	-0.1103977244	0.1193140519	-0.0144519589	-0.2495840269	-0.0249335738	-0.0064792521	0.0634541188	0.1018716567	-0.1696200072	0.0300525658	-0.118570514	-0.1119446809	0.0550317875	-0.0120565121	0.2433830785	-0.0823173113	-0.0885433603	-0.328590675	-0.077600084	0.0820089014	-0.0220514029	-0.186766426	-0.1395361234	-0.0742554859	-0.052257686	0.0745114144	-0.0741429997	0.1060873888	-0.1980606287	-0.114912393	0.0907488218	-0.0959008023	-0.021352386	-0.0350948825	0.0754387282	-0.0534583348	0.087750022	0.0281354139	-0.1590522428	0.053885834	0.0374786219	-0.0150322224	0.0225502059	-0.0554206826	0.1204225134	-0.1288093145	-0.0510985599	0.2009214329	0.2250385887	0.3938534653	-0.1946009098	0.236819036	-0.289203868	-0.0775795898	0.1105460906	-0.065270423	-0.1301244241	-0.1102146937	-0.0025568098739654	0.0080397122955844	6.537276731606966e-06	6.463697379577099e-05	-0.0287606868815402	8.311272821969959e-05	0.0008271771098979	6.907725592121648e-09	0.0815923664662676	0.0443432844819113	0.0019663268786437	0.0066573142655657	0.0005180088104113	0.000389552733441	2.683331276637301e-07	1.5175133213143265e-07	0.0001719716819574	-0.0002390419327188	5.714104559793932e-08	2.9574259395257146e-08	-0.0001080447657633	-0.0003210184561054	1.1673671408846364e-08	1.0305284916029467e-07	0.0	0.0	0.0	0.0	0.0	0.0	0.0
1943.834557669457	2.782904761045984	3778492.787590013	7.744558909052404	2867.977662237521	2.572697013751167	8225295.871093397	6.618769924564173	1862.702654065584	-5.016835423519979	3469661.177462971	25.168637666684884	2259.5192531288094	1632.8679047544558	1.282039	29.342501	0.2093774111951054	0.1166907402212248	0.0692157275	-0.0525061606	0.1853290296	-0.0219384161	-0.0562936423	0.0881605352	0.0195437649	-0.0534237869	-0.0369246348	-0.1424924992	0.1094264359	0.0787059213	0.1983973334	0.0933543055	0.0146083013	0.2199087253	0.3276674402	-0.1868776367	-0.0084290764	0.1654072344	0.0233544928	0.130877314	-0.0392776312	-0.1425015399	0.1253628437	-0.1579558927	-0.0369343425	0.0639248232	0.0337718565	-0.0888437871	-0.3929102297	0.1777388122	-0.1129963887	-0.112758408	0.0414368945	-0.091523007	0.0238420689	-0.1078974665	-0.039375884	-0.0765428763	0.1201812329	0.057328828	0.0618762783	0.2783092249	-0.0912011848	-0.0776308916	-0.3183149048	-0.0918325712	0.0547990258	-0.1817943255	0.1080295597	-0.4275975113	-0.0408622203	0.09685252	0.3060401786	-0.1763058625	0.0384542562	-0.060880261	-0.1208365749	-0.0087694632785968	-0.0062126534046314	7.690348619465774e-05	3.8597062326078126e-05	-0.0744849533278255	-0.0457242664462853	0.0055480082722483	0.0020907085420508	0.1800225273743763	0.0984301609081087	0.0096884965763961	0.032408110362258	0.0005458609208206	2.785211040930006e-05	2.9796414487911337e-07	7.757400542518408e-10	-0.000677612456974	-0.0008495841389314	7.217932091238084e-07	4.5915864184634106e-07	-0.0004108151251442	-0.0003027703593809	1.687690670472447e-07	9.166989051963933e-08	0.0	0.0	0.0	0.0	0.0	0.0	0.0
1941.4880301273115	-2.3465275421453957	3769375.7711276286	5.5061915060469095	2861.459322415865	-6.518339821656355	8187949.45384066	42.488754030591	1865.48038073088	2.7777266652958588	3480017.0508918287	7.7157654270956515	2270.9092255720857	1634.0482643264495	1.371971	31.400808	0.2747784017209639	0.1361582020123832	0.1365925342	-0.1393587222	-0.1868691344	0.1203899549	0.0556517925	0.0415082879	-0.003063755	-0.0534460403	-0.0109324775	0.0484963106	0.0529653793	0.1938729396	0.1572888906	-0.1147871316	-0.0165119912	0.0242693375	-0.393902927	0.0770930778	0.2085937214	-0.1500234262	-0.1717549977	-0.3383201314	-0.027282797	-0.1368933967	0.0917447283	0.0913669012	0.1056189638	-0.1477554106	0.2122767853	0.0815801475	-0.1032079884	0.0861921836	-0.0440818375	0.0482726672	0.132679225	-0.0868578736	0.0744412324	-0.2038308051	0.1535532031	0.2362349639	0.1366387253	0.3438651778	-0.0139273985	0.0179522735	-0.1702947525	0.0378016101	-0.032093154	0.2851725647	0.1269859782	0.1640585325	0.0617978698	0.0027904901	-0.4889478472	0.0372788994	-0.0516928811	-0.1325540798	0.2057648343	0.0436666481	-0.1309619126	-0.0200701102212548	-0.011300646942658	0.0004028093242933	0.0001277046213226	-0.1122771958019228	-0.0377922424740973	0.0126061686971433	0.0014282535912209	0.2773597241142198	0.0973371967398434	0.0094745298691709	0.0769284165607161	4.114196538949707e-05	-0.0005047189554311	1.6926613161105743e-09	2.547412239714637e-07	-0.002199999331657	-0.0015223868746829	2.317661796207072e-06	4.839997059291246e-06	0.000129045356029	0.0005398604811732	1.6652703912651367e-08	2.914493391325591e-07	0.0	0.0	0.0	0.0	0.0	0.0	0.0
1940.663223006228	-0.8248071210834951	3766173.745128921	0.6803067869900433	2868.682699488299	7.223377072434232	8229340.430343474	52.177176330568535	1862.8676571494648	-2.612723581415139	3470275.908053536	6.826324512882751	2264.624783563276	1635.455487203693	1.33582	30.573421	0.2045281363077778	0.1065070425132461	0.0865957492	0.0932616112	0.1552552206	-0.0393310273	0.225507894	0.0787999044	0.1013332017	0.0271653077	-0.2143118847	-0.04351621	-0.0438949687	0.0268753538	0.1699955451	-0.1673822849	0.0474724721	-0.1206978329	0.0889805149	-0.1734395001	-0.2580054146	-0.2174841237	0.0122076956	0.132088662	0.1247228189	-0.0039836661	0.0986109452	-0.0193269327	0.111083217	0.0728157967	0.0100247253	0.0662645109	-0.1107974178	0.1198035054	-0.0071433072	0.1766492678	0.073833981	-0.0961605481	-0.0652741162	-0.0282681888	0.0086005426	-0.0321115219	-0.0897118491	-0.1677712352	-0.0890159215	0.0809566486	-0.2053759366	-0.1791209099	-0.0253675878	0.0929684805	0.0671484504	-0.1285127927	-0.1624653922	0.0319795718	-0.2697119122	0.0389287421	0.0270722353	0.021064301	-0.2467355243	-0.2766066627	-0.1405490997	-0.0090238035410266	0.0110463066802282	8.142903034704422e-05	0.0001220208912736	-0.0756064550676143	0.0366707407343084	0.0057163360478911	0.0013447432260028	0.2238190419995334	-0.0535406821146863	0.0028666046413058	0.0500949635615888	-0.0003894556012435	-0.0004305975666329	1.516756653399361e-07	1.8541426439025839e-07	-0.000588029169251	0.0016119701624059	2.5984478044872254e-06	3.4577830389002125e-07	0.0001518857625611	2.2840406532099998e-05	2.3069284868766847e-08	5.216841705515961e-10	0.0	0.0	0.0	0.0	0.0	0.0	0.0
1940.589919787356	-0.0733032188720699	3765889.236780297	0.0053733618970065	2860.218773751237	-8.4639257370618	8180851.433719031	71.63803888249713	1865.1613795230264	2.29372237356165	3478826.971664239	5.2611623269772885	2269.597130741633	1621.0919807875705	1.135842	25.996447	0.0699195542673634	0.0490668207489799	0.0379500068	-0.1202933066	-0.1554415611	0.0058295762	0.0005307319	0.0762454435	0.0155220958	-0.0461062284	0.0846526554	-0.0505661015	0.1839098041	0.2456826599	0.0404172573	-0.2208657441	0.0007704296	0.0533472748	-0.0972278198	0.1682057191	-0.0897844516	0.0959129349	-0.0342260859	-0.0465991868	-0.0215973779	0.0290565489	0.0320494507	0.0475787281	0.1046021643	-0.0501560992	0.1064448243	-0.0101599174	-0.0050827757	0.0895374124	0.0048846605	-0.1377938829	0.0416452192	-0.0305398287	-0.1057831944	0.00267284	-0.0360354498	-0.0730281517	-0.0836570977	0.2323321599	-0.105404333	-0.0255326309	-0.0384806561	-0.0750193968	-0.0501085518	0.0558557553	0.1030816314	-0.0468443205	-0.0990891154	0.2894431968	-0.1000021637	-0.0588319562	-0.0966623616	0.0409878311	-0.140346649	-0.1024411175	-0.1495587405	0.0019869676635835	0.0110107712046101	3.948040496126472e-06	0.0001212370825202	-0.0678985966257244	0.0077078584418899	0.0046102194237428	5.941108176021357e-05	0.1776949588034	-0.0461240831961334	0.0021274310506838	0.031575498384142	-0.0002879553253849	0.0001015002758585	8.291826941752366e-08	1.0302305999371895e-08	-0.0005880218057199	7.363531100081262e-09	5.422159026186397e-17	3.457696440020918e-07	0.000151914951666	2.9189104900002094e-08	2.307815253968312e-08	8.520038448633259e-16	0.0	0.0	0.0	0.0	0.0	0.0	0.0
1940.9859009441664	0.3959811568104214	3767426.267664037	0.1568010765489196	2883.986678317661	23.767904566423567	8317379.160713735	564.9132874786183	1866.5918784693667	1.4304989463403217	3484165.2407678	2.0463272354807707	2265.2156536562225	1608.0691972340414	1.104537	25.279951	0.0384483868623708	0.0212838674712389	0.0554524163	-0.0216745544	0.156389036	-0.1217994056	0.1331322132	0.1042631455	-0.0206163328	0.0530860076	-0.2437192978	-0.1168599787	-0.1102006138	-0.1566049542	0.0520363793	-0.0454502351	-0.0663503394	-0.0838560249	0.0982646471	-0.0643675371	-0.2310791684	-0.078395314	0.0637456354	0.1198541671	-0.1278452602	0.0056286391	0.1073948744	-0.0519172627	0.0390488786	0.2232328778	0.025971948	-0.0447909358	-0.0534396644	0.1526700057	-0.0584861519	0.0401668036	0.0514382664	-0.0628405262	-0.1246851363	0.024534024	-0.0188108875	-0.1552529389	0.0297957671	-0.0398710693	-0.0549665858	0.0785205602	0.0249105555	-0.1803114197	-0.0797631484	0.0176293475	0.1398340015	-0.1217295728	-0.1072283175	0.1426473701	0.0238649927	-0.0712957358	-0.110957293	0.1737199725	0.0400478683	0.2065557776	-0.1579538123	-0.0013079293932776	-0.0032948970568611	1.7106792977995108e-06	1.0856346615311937e-05	-0.0593200573852499	0.0085785392404744	0.0035188692081893	7.359133550036076e-05	0.1971672364392702	0.0194722776358702	0.0003791695963284	0.038874919125099	-0.0001459554354806	0.0001419998899043	2.130298914633159e-08	2.016396873283332e-08	-0.0005880106227671	1.1182952800001428e-08	1.250584333270598e-16	3.457564924869528e-07	0.0001519573373922	4.2385726199987766e-08	2.30910323873269e-08	1.7965497855003295e-15	0.0	0.0	0.0	0.0	0.0	0.0	0.0
1945.1428328770007	4.156931932834368	3783580.640292764	17.280083094218075	2875.773813653316	-8.212864664344579	8270075.027294138	67.45114599483979	1870.607517603824	4.01563913445716	3499172.484915941	16.12535765818385	2274.2480219847766	1650.336972569753	1.120001	25.633888	0.0627770210624224	0.0428172433750834	0.0200762997	-0.028047057	-0.1597607736	-0.1389146997	0.1799831886	0.1324775528	0.0135171716	-0.0289189817	-0.1263451647	-0.0470991977	0.0618013107	0.0684370698	0.0542240998	-0.1281818435	-0.0809851064	0.0433951751	-0.1167576157	0.0276262556	-0.0260202563	0.1099153596	-0.1381936201	0.0720321682	-0.233203799	0.0991065095	0.0857885501	0.1868965464	0.040658902	0.1289097083	0.0963286078	0.0598145103	0.2127385004	-0.0437685807	0.0212217608	-0.1736986978	0.0694242695	0.0244691233	-0.150459712	0.0227009455	0.001430868	-0.0259637235	-0.15340169	0.0631502743	-0.1274920325	-0.1865772964	0.1125752481	-0.0898029533	-0.1184829389	0.1106359012	0.100108535	-0.10509743	0.0741684111	0.2900339785	0.0391716603	0.1385022676	-0.1487798462	-0.0978816215	0.1930916547	-0.0410163676	-0.165699818	0.005674543149766	0.0069824725430436	3.220043995855623e-05	4.875492281435775e-05	-0.0625773610919964	-0.0032573037067464	0.0039159261212381	1.0610027437984476e-05	0.2092145287486175	0.0120472923093473	0.0001451372519868	0.0437707190395061	0.0006630445964159	0.0008090000318965	4.3962813683632363e-07	6.54481051608538e-07	-0.0005879492402198	6.138254729992024e-08	3.7678171130269456e-15	3.4568430907504015e-07	0.0001526949730141	7.376356219000063e-07	2.3315754783776725e-08	5.44106310695809e-13	0.0	0.0	0.0	0.0	0.0	0.0	0.0
1942.23671488602	-2.906117990980647	3772283.456651239	8.44552177750139	2874.9494126263785	-0.8244010269377213	8265334.125160758	0.6796370532159696	1865.90166015625	-4.705857447573862	3481589.00537385	22.145094316886382	2270.651076512979	1634.1459506980912	1.1957	27.366432	0.1233470522969763	0.0900086782261645	-0.0086850581	-0.1201596936	0.1801732699	0.0399176435	-0.1779268708	0.0443064232	-0.0974256269	0.0961084489	0.0764287153	-0.1083243052	-0.2067618097	-0.2538666684	-0.0881821743	-0.019527106	-0.1944591557	0.0613502108	0.0720380116	0.0160253561	0.1295560864	-0.0615316619	0.0639740075	-0.224372901	-0.1201695569	-0.0283583428	-0.0062884651	-0.0893312226	0.0021195304	0.0271752824	0.075571504	-0.1323859127	-0.0207812441	-0.1151610928	0.0679594152	-0.0034612591	-0.0041956438	0.0464817743	-0.0931886476	0.007906742	-0.0477905611	-0.210741723	0.0448241448	0.0003320987	0.0104331006	0.0386795119	-0.0783699331	-0.0542439453	-0.1541461397	-0.005861482	0.0409882388	-0.0768642651	-0.0397126586	0.2006951639	0.1325067399	-0.1133039247	-0.0415023555	0.1470830564	0.0431624328	0.1501549402	-0.1727649276	0.0002849446140089	-0.0053895985357571	8.119343305268103e-08	2.904777237663508e-05	-0.0386628722995823	0.023914488792414	0.0014948176944538	0.0005719027742024	0.1246250805500324	-0.0845894481985851	0.0071553747465411	0.015531410702102	0.000852044987041	0.0001890003906251	7.259806599416978e-07	3.572114765644039e-08	-0.0005879349687734	1.4271446400083293e-08	2.0367418235045041e-16	3.456675275065788e-07	0.000152750646347	5.5673332900014426e-08	2.3332759959426272e-08	3.099519996195828e-15	0.0	0.0	0.0	0.0	0.0	0.0	0.0
1944.2467631076488	2.010048221628722	3780095.47585457	4.040293853272788	2888.491923474618	13.542510848239544	8343385.591978098	183.3996000746857	1868.7237767269737	2.822116570723665	3492128.553704724	7.964341938753099	2264.1942697078625	1635.8434933873707	1.180924	27.028252	0.1878690090932731	0.0963090545996828	0.0071683331	0.1732578527	-0.0911154382	-0.1947903501	-0.0007209747	0.0241668923	-0.0485017212	0.0983972251	-0.1858708248	0.1104178235	0.1146923468	-0.0914323377	0.0291044866	-0.0077923494	0.0841818046	0.0262547788	-0.1186086973	-0.0471592955	-0.1485967092	0.0583062608	0.1731094075	-0.0529245339	0.089403331	0.0029538573	0.1049543295	-0.0948936333	-0.0257601804	0.1452800687	-0.0519303665	0.0551664635	0.0951575725	0.1100250961	-0.0561061804	-0.076595966	0.0448920093	-0.0178817507	-0.0593855072	0.0762650163	-0.1171979342	0.0040843986	-0.1932193146	-0.0696830145	-0.0624276986	-0.1317590779	-0.0899746821	-0.0924979887	-0.1221828695	-0.1069990206	0.0599705241	-0.1031462544	0.1908631036	-0.0242749251	-0.0474482197	-0.096319436	0.1460787628	0.1410360784	0.0376293898	0.0499993549	-0.1791201091	-0.0084448991038357	-0.0087298437178445	7.131632087396499e-05	7.621017133799081e-05	-0.0716135698209683	-0.032950697521386	0.0051285033825027	0.0010857484671458	0.1920767912974952	0.0674517107474628	0.0045497332827593	0.0368934937551415	6.399884674955785e-05	-0.0007880461402914	4.095852385273391e-09	6.210167192282393e-07	7.6000938572518e-05	0.0006639359073459	4.408108890632474e-07	5.7761426639036545e-09	2.999755185276592e-05	-0.0001227530944942	8.998531171593801e-10	1.5068322207910368e-08	0.0	0.0	0.0	0.0	0.0	0.0	0.0
1942.9379539735703	-1.3088091340785013	3775007.892991004	1.7129813494473165	2850.5865600033585	-37.905363471259534	8125843.736071781	1436.8165798882967	1862.599478952508	-6.124297774465731	3469276.818994154	37.50702323032591	2263.3951344591505	1638.617125459774	1.349713	30.891384	0.1385178833823007	0.0811530650342818	-0.0191255227	-0.1469063822	0.1481936965	-0.024480367	-0.2829764775	0.0973829028	0.0248485947	-0.0876153636	0.084704614	-0.0776489114	-0.0283268093	-0.0580459209	0.019004518	0.0699645683	-0.2274389873	-0.0794455658	0.1160181659	0.0113437486	-0.0907101399	0.092632521	-0.0916981491	-0.1407451184	-0.1403558727	0.2099109022	-0.0099434297	0.0695632759	-0.0952233676	-0.0038392409	0.0319206054	0.003791515	-0.1547178861	-0.0872938971	0.2158003478	0.1511360209	0.0191921405	0.1621801586	0.0263476348	-0.1309772849	0.0216357313	-0.2651045805	-0.1665744229	-0.0507203993	0.2620776725	0.0098942256	-0.2194707113	0.3889008561	0.2037294917	-0.1400082425	-0.0857667378	0.0567204178	-0.1105131685	0.0134335327	-0.1237417961	-0.0891044746	0.0888057258	0.1251650999	-0.1877213768	-0.1922873651	-0.1847392476	4.1195050471287686e-05	0.0084860941543069	1.6970321833319396e-09	7.201379399576321e-05	-0.0884500198695974	-0.0168364500486291	0.0078234060149321	0.0002834660502399	0.1127337344216243	-0.0793430568758709	0.0062953206744076	0.0127088948766453	-0.0002420242325897	-0.0003060230793392	5.85757291606332e-08	9.365012508828169e-08	0.0003249817171859	0.0002489807786133	6.199142811892593e-08	1.0561311650509629e-07	0.00015203933997	0.0001220417881172	2.3115960898513245e-08	1.4894198046851862e-08	0.0	0.0	0.0	0.0	0.0	0.0	0.0
1942.2911469574965	-0.646807016073808	3772494.899549467	0.4183593160423033	2866.663847634156	16.0772876307974	8217761.615332663	258.4791775633911	1855.3430670487253	-7.256411903782691	3442297.8964457707	52.65551371735914	2258.865283722573	1630.5101151685276	1.401624	32.079498	0.0993166232146823	0.053040313835027	0.0132313054	0.1510826731	-0.0427862685	-0.0290614872	0.1017401221	0.0191896235	0.0580252845	-0.0091703896	-0.1227918897	0.0064278778	0.0138911336	-0.095006863	0.0581850581	0.0157478102	0.2512909187	-0.0513572321	0.050975929	-0.0117003908	0.2097996699	-0.057528791	-0.2571553315	0.2930349734	0.096995097	-0.0468694331	0.0422226789	-0.0440899043	-0.1164353772	0.1337705497	-0.0980186075	0.1611430573	-0.2012786019	-0.1549941574	-0.0332930383	-0.0261902812	0.0405057588	-0.0734726994	0.1854003607	-0.0963490124	-0.0924049547	0.1608123986	0.0380768515	-0.0170073881	0.1889797441	-0.0477484997	0.2929649225	-0.171040056	0.0923572314	-0.31706485	-0.194223015	-0.0204932106	0.0655896454	-0.0286338254	-0.0968293616	-0.0176955677	-0.0551711877	-0.0029349532	0.0238198808	-0.2943600374	-0.1895992529	-0.0208796745265829	-0.0209208695770541	0.000435960808336	0.0004376827838601	-0.0970238753700698	-0.0085738555004724	0.0094136323918268	7.351099814298091e-05	0.14790317979093	0.0351694453693057	0.0012368898875845	0.0218753505922681	-0.0003459799348915	-0.0001039557023018	1.1970211534752657e-07	1.0806788041060464e-08	-0.0002640265643945	-0.0005890082815804	3.469307557702957e-07	6.971002670596306e-08	0.0001519542684952	-8.507147480001999e-08	2.3090099713911332e-08	7.237155824650435e-15	0.0	0.0	0.0	0.0	0.0	0.0	0.0
1942.15721118157	-0.1339357759266022	3771974.632944573	0.0179387920730609	2857.0896703107323	-9.574177323423555	8162961.384196289	91.66487142035784	1858.9982723838405	3.65520533511517	3455874.576726104	13.3605260418544	2259.327025285004	1646.8406975416842	1.179874	27.004221	0.1019736343779701	0.0671986558832738	0.1056733058	-0.1033614074	0.1154305506	0.1966964054	-0.0513305269	0.0070237824	0.0017741716	0.0569117497	0.2267784815	0.0181538763	-0.0231980607	-0.062790898	0.0852691506	0.0945640712	0.0064797822	0.0944482386	0.02553646	-0.200904403	0.2098886185	-0.0579650351	0.1091729328	-0.3463215334	0.1441093679	0.1140505382	0.0859808827	-0.0279540719	-0.0383470048	0.016055878	-0.0694821267	-0.0410199439	-0.1428514815	-0.2626930276	0.0235938009	-0.0693415088	0.0830756701	-0.0845200531	0.1881698717	-0.1910550735	0.0787371093	0.0180170564	0.2627200607	-0.0325466183	0.1806550573	0.1132607122	0.2496884032	-0.0773497361	0.0820366082	-0.3208293006	0.0013692964	-0.0310588382	0.2074488607	0.1003172762	-0.0314050524	0.0411594509	-0.3339325225	-0.0367997912	-0.029935929	0.1624952588	-0.1936801542	-0.0210065944087176	-0.0001269198821347	0.0004412770086523	1.6108656481086582e-08	-0.1033071073505453	-0.0062832319804754	0.010672358429137	3.947900412046998e-05	0.2107376237034373	0.0628344439125072	0.003948167341794	0.0444103460441715	-0.0003460175960307	-3.7661139200013526e-08	1.197281767628647e-07	1.4183614058427957e-15	-0.0007169913500166	-0.000452964785622	2.0517709701367497e-07	5.140765959986265e-07	-4.962405680055285e-05	-0.0002015783252957	2.4625470133444956e-09	4.0633821229040354e-08	0.0	0.0	0.0	0.0	0.0	0.0	0.0
1942.813704595261	0.6564934136911234	3774525.0907631614	0.4309836022198244	2866.991363387302	9.9016930765697	8219639.477737381	98.04352578258832	1862.9906744706004	3.992402086759967	3470734.2531644227	15.939274422365337	2271.328213739057	1654.424959986034	1.358925	31.102232	0.1252196325750003	0.0780798120669967	0.0147920255	0.1766159903	-0.1602482734	-0.0389208577	-0.1787980262	-0.0150751109	0.0570547988	-0.0817487346	0.0068122455	0.2656875521	-0.0641337854	0.2143099841	0.0848397683	0.0924904756	0.0120711943	-0.1880228021	0.0518617936	-0.0181746837	-0.1580926212	0.1137997617	-0.181871928	0.0987009998	-0.0210527366	-0.118102448	0.0140295816	0.1318632004	-0.0455218013	-0.1280360142	-0.0988129224	0.1963803796	0.2009003805	-0.0648276599	0.0075349305	0.0786067952	0.0344686913	0.0480844038	0.1306585635	-0.0632191578	0.0082248843	0.0521891977	-0.2117443689	-0.041669132	0.0816910547	-0.2607135385	-0.1367878261	0.2501250272	0.1363853098	-0.0851782035	-0.1497984818	-0.1356384868	0.0444577272	0.1284577861	0.0966117633	0.3115539894	-0.021620311	-0.0249009703	-0.1375675327	0.1694768895	-0.1969651822	-0.020887483062296	0.0001191113464216	0.0004362869486777	1.4187512846366724e-08	-0.0830063626940358	0.0203007446565094	0.0068900562476938	0.0004121202336087	0.1422691429166604	-0.0684684807867768	0.0046879328612492	0.0202405090262411	-0.0003459998014507	1.779457999999184e-08	1.1971586260392384e-07	3.166470773761096e-16	-4.100018432384722e-05	0.0006759911656927	4.569640560946467e-07	1.6810151145894472e-09	9.928986325415145e-07	5.061695543309437e-05	9.858476945028094e-13	2.5620761773158604e-09	0.0	0.0	0.0	0.0	0.0	0.0	0.0
1939.8519535702667	-2.961751024994328	3763025.60177038	8.771969134054952	2856.227563918446	-10.763799468856178	8158035.8968875	115.85937900574854	1862.608433131168	-0.3822413394323121	3469310.175171345	0.146108441571008	2265.5605730638435	1631.5849297289362	1.327738	30.388441	0.0805533330977722	0.04193276071149	0.0576490006	-0.0980556188	-0.0328056689	0.2132512559	0.1096119942	-0.0258160538	0.0436211006	-0.0200863452	0.2893670016	0.082871789	0.0821384959	-0.1119280287	0.0514070222	-0.0228088104	-0.1464512405	-0.2465217975	0.0545647304	0.0102514033	-0.0142139093	-0.0272744888	0.0752351209	-0.1240626542	0.1215263142	0.0119183584	0.0125185428	-0.0130874066	0.021818387	-0.2265477205	-0.0916925734	0.0665415695	-0.1100530741	-0.0325228461	0.25042141	0.0397110047	0.0303708049	0.0009419586	0.0940551425	-0.0995289541	0.0340081086	-0.0829939831	0.0686189681	-0.0808855493	-0.1074229942	0.1106081443	0.160210917	0.0747549033	0.0977676857	-0.0480930786	0.1073923489	-0.1327589393	-0.5865835189	-0.096786712	0.1987131748	-0.1114232553	0.1255445719	-0.0492784674	0.2788643898	-0.0180086158	-0.1994408381	-0.0208323773486966	5.510571359940153e-05	0.0004339879459984	3.036639671299266e-09	-0.0712519825617334	0.0117543801323024	0.0050768450189775	0.0001381654522946	0.1281217807862447	-0.0141473621304157	0.0002001478552491	0.0164151907118385	-0.000164093985158	0.0001819058162927	2.692683596503392e-08	3.308972600111353e-08	-0.0006669764676774	-0.0006259762833535	3.918463073211274e-07	4.448576084354218e-07	-0.0002830547041503	-0.0002840476027828	8.011996554161388e-08	8.06830406466789e-08	0.0	0.0	0.0	0.0	0.0	0.0	0.0
1941.07714663538	1.225193065113217	3767780.489190148	1.5010980468015196	2876.1051616409786	19.877597722532755	8271980.900817879	395.1188912188394	1862.8673198499173	0.2588867187491814	3470274.651364814	0.0670223331447177	2267.420395871426	1646.5452645733924	1.270277	29.073311	0.1200264118751574	0.0563419706858206	0.0625146579	0.1511243209	-0.1844578348	0.0503298743	-0.1184529854	0.0145404572	0.0338373818	0.0229355306	-0.0263727174	0.1568336136	-0.1124331614	0.2178776113	0.1554517997	0.1633055288	0.1151245679	-0.2350790929	-0.1514125965	-0.0451498568	0.0903668632	0.1041237616	0.0386235619	0.1021431869	-0.0401005608	0.2824668772	0.0830335757	0.0272225508	-0.0557286682	-0.1188140049	-0.1525806934	0.234242541	0.1235094571	-0.1563845551	-0.1925563894	0.0284475497	0.0597499214	-0.0413102777	0.2104409587	-0.0755172274	0.0414003095	0.3239748103	0.0204172842	0.0024077251	-0.1015982053	-0.0940960155	-0.0518118647	0.1415691565	-0.0343393865	0.1806016547	-0.0464580402	0.0277905551	-0.0560950591	-0.1409798045	0.3083647062	0.2086931975	0.0580533298	0.1668249505	0.0698231289	0.0878488381	-0.2010969487	-0.0434287943341757	-0.0225964169854791	0.0018860601773201	0.0005105980605816	-0.1088952903214419	-0.0376433077597085	0.0118581842541911	0.0014170186190921	0.1572674649251695	0.0291456841389247	0.0008494709039259	0.0247330555239894	-0.0004635884859751	-0.0002994945008171	2.149142843286855e-07	8.969695601968393e-08	-0.0008939547910404	-0.000226978323363	5.1519159276678634e-08	7.991551684240853e-07	-0.0001967074685095	8.63472356408e-05	3.8693828167415937e-08	7.45584510280784e-09	0.0	0.0	0.0	0.0	0.0	0.0	0.0
1940.9633112229053	-0.1138354124746001	3767338.575513385	0.0129585011332623	2867.161162639635	-8.9439990013434	8220613.132549065	79.99511813603173	1863.9868254009043	1.1195055509870144	3474446.885268141	1.2532926786907388	2270.6685020500886	1630.651121584955	1.146878	26.249027	0.0914288510659658	0.051187699310673	0.112472812	0.1410472693	0.1450639771	0.0990589806	0.0751041917	-0.0391136827	0.0509805677	0.0195876461	0.1334849568	0.0936930025	0.0288329559	-0.0525317568	0.0878195059	0.1632670971	-0.0598599418	-0.0909823572	0.0429572987	-0.02701756	0.1936638443	0.0729932145	0.1348126061	0.1327870972	-0.0004120032	-0.1382559839	0.0175112315	0.0320489152	0.0254748103	-0.2176185789	-0.1046446295	0.0291881861	-0.0385875841	0.0402064874	0.0023399625	0.105508924	0.0796026231	-0.0830893875	0.2151867986	-0.0657461676	0.0498312792	0.2011247966	0.0645823174	-0.1687419238	-0.1098268625	0.0538536743	-0.100264623	-0.0351349272	0.0904344512	0.3542576143	-0.0293945196	0.2570586754	0.0116106752	0.0116390738	0.2265091408	-0.2328775181	0.0633103632	-0.0785863015	-0.2770485463	0.0600992185	-0.2019267089	-0.046453291375073	-0.0030244970408973	0.0021579082795774	9.147582350396528e-06	-0.116312082530527	-0.007416792209085	0.0135285005425881	5.5008806672745257e-05	0.2003899087139018	0.0431224437887323	0.0018595451583123	0.0401561155143658	-0.0006629694384406	-0.0001993809524655	4.395284763062446e-07	3.975276420604997e-08	-0.0006300319260108	0.0002639228650296	6.965527868543248e-08	3.969402277928782e-07	9.729107454042402e-05	0.0002939985430499	9.465553185230344e-09	8.643514331547801e-08	0.0	0.0	0.0	0.0	0.0	0.0	0.0
